[2026-07-28 09:19:02] production.ERROR: Undefined variable $host {"view":{"view":"C:\\PROJECT\\Php\\laravel-core\\resources\\views\\persuratan\\login.blade.php","data":[]},"exception":"[object] (Spatie\\LaravelIgnition\\Exceptions\\ViewException(code: 0): Undefined variable $host at C:\\PROJECT\\Php\\laravel-core\\storage\\framework\\views\\0d410fa521b4dc37c0dfa16620db9968ac7ecaaf.php:196)
[stacktrace]
#0 C:\\PROJECT\\Php\\laravel-core\\vendor\\laravel\\framework\\src\\Illuminate\\Foundation\\Bootstrap\\HandleExceptions.php(259): Illuminate\\Foundation\\Bootstrap\\HandleExceptions->handleError()
#1 C:\\PROJECT\\Php\\laravel-core\\storage\\framework\\views\\0d410fa521b4dc37c0dfa16620db9968ac7ecaaf.php(196): Illuminate\\Foundation\\Bootstrap\\HandleExceptions->Illuminate\\Foundation\\Bootstrap\\{closure}()
#2 C:\\PROJECT\\Php\\laravel-core\\vendor\\laravel\\framework\\src\\Illuminate\\Filesystem\\Filesystem.php(109): require('...')
#3 C:\\PROJECT\\Php\\laravel-core\\vendor\\laravel\\framework\\src\\Illuminate\\Filesystem\\Filesystem.php(110): Illuminate\\Filesystem\\Filesystem::Illuminate\\Filesystem\\{closure}()
#4 C:\\PROJECT\\Php\\laravel-core\\vendor\\laravel\\framework\\src\\Illuminate\\View\\Engines\\PhpEngine.php(58): Illuminate\\Filesystem\\Filesystem->getRequire()
#5 C:\\PROJECT\\Php\\laravel-core\\vendor\\laravel\\framework\\src\\Illuminate\\View\\Engines\\CompilerEngine.php(70): Illuminate\\View\\Engines\\PhpEngine->evaluatePath()
#6 C:\\PROJECT\\Php\\laravel-core\\vendor\\laravel\\framework\\src\\Illuminate\\View\\View.php(152): Illuminate\\View\\Engines\\CompilerEngine->get()
#7 C:\\PROJECT\\Php\\laravel-core\\vendor\\laravel\\framework\\src\\Illuminate\\View\\View.php(135): Illuminate\\View\\View->getContents()
#8 C:\\PROJECT\\Php\\laravel-core\\vendor\\laravel\\framework\\src\\Illuminate\\View\\View.php(104): Illuminate\\View\\View->renderContents()
#9 C:\\PROJECT\\Php\\laravel-core\\vendor\\laravel\\framework\\src\\Illuminate\\Http\\Response.php(69): Illuminate\\View\\View->render()
#10 C:\\PROJECT\\Php\\laravel-core\\vendor\\laravel\\framework\\src\\Illuminate\\Http\\Response.php(35): Illuminate\\Http\\Response->setContent()
#11 C:\\PROJECT\\Php\\laravel-core\\vendor\\laravel\\framework\\src\\Illuminate\\Routing\\Router.php(835): Illuminate\\Http\\Response->__construct()
#12 C:\\PROJECT\\Php\\laravel-core\\vendor\\laravel\\framework\\src\\Illuminate\\Routing\\Router.php(804): Illuminate\\Routing\\Router::toResponse()
#13 C:\\PROJECT\\Php\\laravel-core\\vendor\\laravel\\framework\\src\\Illuminate\\Routing\\Router.php(726): Illuminate\\Routing\\Router->prepareResponse()
#14 C:\\PROJECT\\Php\\laravel-core\\vendor\\laravel\\framework\\src\\Illuminate\\Pipeline\\Pipeline.php(141): Illuminate\\Routing\\Router->Illuminate\\Routing\\{closure}()
#15 C:\\PROJECT\\Php\\laravel-core\\vendor\\laravel\\framework\\src\\Illuminate\\Routing\\Middleware\\SubstituteBindings.php(50): Illuminate\\Pipeline\\Pipeline->Illuminate\\Pipeline\\{closure}()
#16 C:\\PROJECT\\Php\\laravel-core\\vendor\\laravel\\framework\\src\\Illuminate\\Pipeline\\Pipeline.php(180): Illuminate\\Routing\\Middleware\\SubstituteBindings->handle()
#17 C:\\PROJECT\\Php\\laravel-core\\vendor\\laravel\\framework\\src\\Illuminate\\Foundation\\Http\\Middleware\\VerifyCsrfToken.php(78): Illuminate\\Pipeline\\Pipeline->Illuminate\\Pipeline\\{closure}()
#18 C:\\PROJECT\\Php\\laravel-core\\vendor\\laravel\\framework\\src\\Illuminate\\Pipeline\\Pipeline.php(180): Illuminate\\Foundation\\Http\\Middleware\\VerifyCsrfToken->handle()
#19 C:\\PROJECT\\Php\\laravel-core\\vendor\\laravel\\framework\\src\\Illuminate\\View\\Middleware\\ShareErrorsFromSession.php(49): Illuminate\\Pipeline\\Pipeline->Illuminate\\Pipeline\\{closure}()
#20 C:\\PROJECT\\Php\\laravel-core\\vendor\\laravel\\framework\\src\\Illuminate\\Pipeline\\Pipeline.php(180): Illuminate\\View\\Middleware\\ShareErrorsFromSession->handle()
#21 C:\\PROJECT\\Php\\laravel-core\\vendor\\laravel\\framework\\src\\Illuminate\\Session\\Middleware\\StartSession.php(121): Illuminate\\Pipeline\\Pipeline->Illuminate\\Pipeline\\{closure}()
#22 C:\\PROJECT\\Php\\laravel-core\\vendor\\laravel\\framework\\src\\Illuminate\\Session\\Middleware\\StartSession.php(64): Illuminate\\Session\\Middleware\\StartSession->handleStatefulRequest()
#23 C:\\PROJECT\\Php\\laravel-core\\vendor\\laravel\\framework\\src\\Illuminate\\Pipeline\\Pipeline.php(180): Illuminate\\Session\\Middleware\\StartSession->handle()
#24 C:\\PROJECT\\Php\\laravel-core\\vendor\\laravel\\framework\\src\\Illuminate\\Cookie\\Middleware\\AddQueuedCookiesToResponse.php(37): Illuminate\\Pipeline\\Pipeline->Illuminate\\Pipeline\\{closure}()
#25 C:\\PROJECT\\Php\\laravel-core\\vendor\\laravel\\framework\\src\\Illuminate\\Pipeline\\Pipeline.php(180): Illuminate\\Cookie\\Middleware\\AddQueuedCookiesToResponse->handle()
#26 C:\\PROJECT\\Php\\laravel-core\\vendor\\laravel\\framework\\src\\Illuminate\\Cookie\\Middleware\\EncryptCookies.php(67): Illuminate\\Pipeline\\Pipeline->Illuminate\\Pipeline\\{closure}()
#27 C:\\PROJECT\\Php\\laravel-core\\vendor\\laravel\\framework\\src\\Illuminate\\Pipeline\\Pipeline.php(180): Illuminate\\Cookie\\Middleware\\EncryptCookies->handle()
#28 C:\\PROJECT\\Php\\laravel-core\\vendor\\laravel\\framework\\src\\Illuminate\\Pipeline\\Pipeline.php(116): Illuminate\\Pipeline\\Pipeline->Illuminate\\Pipeline\\{closure}()
#29 C:\\PROJECT\\Php\\laravel-core\\vendor\\laravel\\framework\\src\\Illuminate\\Routing\\Router.php(726): Illuminate\\Pipeline\\Pipeline->then()
#30 C:\\PROJECT\\Php\\laravel-core\\vendor\\laravel\\framework\\src\\Illuminate\\Routing\\Router.php(705): Illuminate\\Routing\\Router->runRouteWithinStack()
#31 C:\\PROJECT\\Php\\laravel-core\\vendor\\laravel\\framework\\src\\Illuminate\\Routing\\Router.php(669): Illuminate\\Routing\\Router->runRoute()
#32 C:\\PROJECT\\Php\\laravel-core\\vendor\\laravel\\framework\\src\\Illuminate\\Routing\\Router.php(658): Illuminate\\Routing\\Router->dispatchToRoute()
#33 C:\\PROJECT\\Php\\laravel-core\\vendor\\laravel\\framework\\src\\Illuminate\\Foundation\\Http\\Kernel.php(190): Illuminate\\Routing\\Router->dispatch()
#34 C:\\PROJECT\\Php\\laravel-core\\vendor\\laravel\\framework\\src\\Illuminate\\Pipeline\\Pipeline.php(141): Illuminate\\Foundation\\Http\\Kernel->Illuminate\\Foundation\\Http\\{closure}()
#35 C:\\PROJECT\\Php\\laravel-core\\vendor\\laravel\\framework\\src\\Illuminate\\View\\Middleware\\ShareErrorsFromSession.php(49): Illuminate\\Pipeline\\Pipeline->Illuminate\\Pipeline\\{closure}()
#36 C:\\PROJECT\\Php\\laravel-core\\vendor\\laravel\\framework\\src\\Illuminate\\Pipeline\\Pipeline.php(180): Illuminate\\View\\Middleware\\ShareErrorsFromSession->handle()
#37 C:\\PROJECT\\Php\\laravel-core\\vendor\\laravel\\framework\\src\\Illuminate\\Session\\Middleware\\StartSession.php(121): Illuminate\\Pipeline\\Pipeline->Illuminate\\Pipeline\\{closure}()
#38 C:\\PROJECT\\Php\\laravel-core\\vendor\\laravel\\framework\\src\\Illuminate\\Session\\Middleware\\StartSession.php(64): Illuminate\\Session\\Middleware\\StartSession->handleStatefulRequest()
#39 C:\\PROJECT\\Php\\laravel-core\\vendor\\laravel\\framework\\src\\Illuminate\\Pipeline\\Pipeline.php(180): Illuminate\\Session\\Middleware\\StartSession->handle()
#40 C:\\PROJECT\\Php\\laravel-core\\vendor\\laravel\\framework\\src\\Illuminate\\Foundation\\Http\\Middleware\\TransformsRequest.php(21): Illuminate\\Pipeline\\Pipeline->Illuminate\\Pipeline\\{closure}()
#41 C:\\PROJECT\\Php\\laravel-core\\vendor\\laravel\\framework\\src\\Illuminate\\Foundation\\Http\\Middleware\\ConvertEmptyStringsToNull.php(31): Illuminate\\Foundation\\Http\\Middleware\\TransformsRequest->handle()
#42 C:\\PROJECT\\Php\\laravel-core\\vendor\\laravel\\framework\\src\\Illuminate\\Pipeline\\Pipeline.php(180): Illuminate\\Foundation\\Http\\Middleware\\ConvertEmptyStringsToNull->handle()
#43 C:\\PROJECT\\Php\\laravel-core\\vendor\\laravel\\framework\\src\\Illuminate\\Foundation\\Http\\Middleware\\TransformsRequest.php(21): Illuminate\\Pipeline\\Pipeline->Illuminate\\Pipeline\\{closure}()
#44 C:\\PROJECT\\Php\\laravel-core\\vendor\\laravel\\framework\\src\\Illuminate\\Foundation\\Http\\Middleware\\TrimStrings.php(40): Illuminate\\Foundation\\Http\\Middleware\\TransformsRequest->handle()
#45 C:\\PROJECT\\Php\\laravel-core\\vendor\\laravel\\framework\\src\\Illuminate\\Pipeline\\Pipeline.php(180): Illuminate\\Foundation\\Http\\Middleware\\TrimStrings->handle()
#46 C:\\PROJECT\\Php\\laravel-core\\vendor\\laravel\\framework\\src\\Illuminate\\Foundation\\Http\\Middleware\\ValidatePostSize.php(27): Illuminate\\Pipeline\\Pipeline->Illuminate\\Pipeline\\{closure}()
#47 C:\\PROJECT\\Php\\laravel-core\\vendor\\laravel\\framework\\src\\Illuminate\\Pipeline\\Pipeline.php(180): Illuminate\\Foundation\\Http\\Middleware\\ValidatePostSize->handle()
#48 C:\\PROJECT\\Php\\laravel-core\\vendor\\laravel\\framework\\src\\Illuminate\\Foundation\\Http\\Middleware\\PreventRequestsDuringMaintenance.php(86): Illuminate\\Pipeline\\Pipeline->Illuminate\\Pipeline\\{closure}()
#49 C:\\PROJECT\\Php\\laravel-core\\vendor\\laravel\\framework\\src\\Illuminate\\Pipeline\\Pipeline.php(180): Illuminate\\Foundation\\Http\\Middleware\\PreventRequestsDuringMaintenance->handle()
#50 C:\\PROJECT\\Php\\laravel-core\\vendor\\laravel\\framework\\src\\Illuminate\\Http\\Middleware\\HandleCors.php(49): Illuminate\\Pipeline\\Pipeline->Illuminate\\Pipeline\\{closure}()
#51 C:\\PROJECT\\Php\\laravel-core\\vendor\\laravel\\framework\\src\\Illuminate\\Pipeline\\Pipeline.php(180): Illuminate\\Http\\Middleware\\HandleCors->handle()
#52 C:\\PROJECT\\Php\\laravel-core\\vendor\\laravel\\framework\\src\\Illuminate\\Http\\Middleware\\TrustProxies.php(39): Illuminate\\Pipeline\\Pipeline->Illuminate\\Pipeline\\{closure}()
#53 C:\\PROJECT\\Php\\laravel-core\\vendor\\laravel\\framework\\src\\Illuminate\\Pipeline\\Pipeline.php(180): Illuminate\\Http\\Middleware\\TrustProxies->handle()
#54 C:\\PROJECT\\Php\\laravel-core\\vendor\\laravel\\framework\\src\\Illuminate\\Pipeline\\Pipeline.php(116): Illuminate\\Pipeline\\Pipeline->Illuminate\\Pipeline\\{closure}()
#55 C:\\PROJECT\\Php\\laravel-core\\vendor\\laravel\\framework\\src\\Illuminate\\Foundation\\Http\\Kernel.php(165): Illuminate\\Pipeline\\Pipeline->then()
#56 C:\\PROJECT\\Php\\laravel-core\\vendor\\laravel\\framework\\src\\Illuminate\\Foundation\\Http\\Kernel.php(134): Illuminate\\Foundation\\Http\\Kernel->sendRequestThroughRouter()
#57 C:\\PROJECT\\Php\\laravel-core\\public\\index.php(56): Illuminate\\Foundation\\Http\\Kernel->handle()
#58 C:\\PROJECT\\Php\\laravel-core\\vendor\\laravel\\framework\\src\\Illuminate\\Foundation\\resources\\server.php(16): require_once('...')
#59 {main}

[previous exception] [object] (ErrorException(code: 0): Undefined variable $host at C:\\PROJECT\\Php\\laravel-core\\storage\\framework\\views\\0d410fa521b4dc37c0dfa16620db9968ac7ecaaf.php:196)
[stacktrace]
#0 C:\\PROJECT\\Php\\laravel-core\\vendor\\laravel\\framework\\src\\Illuminate\\Foundation\\Bootstrap\\HandleExceptions.php(259): Illuminate\\Foundation\\Bootstrap\\HandleExceptions->handleError()
#1 C:\\PROJECT\\Php\\laravel-core\\storage\\framework\\views\\0d410fa521b4dc37c0dfa16620db9968ac7ecaaf.php(196): Illuminate\\Foundation\\Bootstrap\\HandleExceptions->Illuminate\\Foundation\\Bootstrap\\{closure}()
#2 C:\\PROJECT\\Php\\laravel-core\\vendor\\laravel\\framework\\src\\Illuminate\\Filesystem\\Filesystem.php(109): require('...')
#3 C:\\PROJECT\\Php\\laravel-core\\vendor\\laravel\\framework\\src\\Illuminate\\Filesystem\\Filesystem.php(110): Illuminate\\Filesystem\\Filesystem::Illuminate\\Filesystem\\{closure}()
#4 C:\\PROJECT\\Php\\laravel-core\\vendor\\laravel\\framework\\src\\Illuminate\\View\\Engines\\PhpEngine.php(58): Illuminate\\Filesystem\\Filesystem->getRequire()
#5 C:\\PROJECT\\Php\\laravel-core\\vendor\\laravel\\framework\\src\\Illuminate\\View\\Engines\\CompilerEngine.php(70): Illuminate\\View\\Engines\\PhpEngine->evaluatePath()
#6 C:\\PROJECT\\Php\\laravel-core\\vendor\\laravel\\framework\\src\\Illuminate\\View\\View.php(152): Illuminate\\View\\Engines\\CompilerEngine->get()
#7 C:\\PROJECT\\Php\\laravel-core\\vendor\\laravel\\framework\\src\\Illuminate\\View\\View.php(135): Illuminate\\View\\View->getContents()
#8 C:\\PROJECT\\Php\\laravel-core\\vendor\\laravel\\framework\\src\\Illuminate\\View\\View.php(104): Illuminate\\View\\View->renderContents()
#9 C:\\PROJECT\\Php\\laravel-core\\vendor\\laravel\\framework\\src\\Illuminate\\Http\\Response.php(69): Illuminate\\View\\View->render()
#10 C:\\PROJECT\\Php\\laravel-core\\vendor\\laravel\\framework\\src\\Illuminate\\Http\\Response.php(35): Illuminate\\Http\\Response->setContent()
#11 C:\\PROJECT\\Php\\laravel-core\\vendor\\laravel\\framework\\src\\Illuminate\\Routing\\Router.php(835): Illuminate\\Http\\Response->__construct()
#12 C:\\PROJECT\\Php\\laravel-core\\vendor\\laravel\\framework\\src\\Illuminate\\Routing\\Router.php(804): Illuminate\\Routing\\Router::toResponse()
#13 C:\\PROJECT\\Php\\laravel-core\\vendor\\laravel\\framework\\src\\Illuminate\\Routing\\Router.php(726): Illuminate\\Routing\\Router->prepareResponse()
#14 C:\\PROJECT\\Php\\laravel-core\\vendor\\laravel\\framework\\src\\Illuminate\\Pipeline\\Pipeline.php(141): Illuminate\\Routing\\Router->Illuminate\\Routing\\{closure}()
#15 C:\\PROJECT\\Php\\laravel-core\\vendor\\laravel\\framework\\src\\Illuminate\\Routing\\Middleware\\SubstituteBindings.php(50): Illuminate\\Pipeline\\Pipeline->Illuminate\\Pipeline\\{closure}()
#16 C:\\PROJECT\\Php\\laravel-core\\vendor\\laravel\\framework\\src\\Illuminate\\Pipeline\\Pipeline.php(180): Illuminate\\Routing\\Middleware\\SubstituteBindings->handle()
#17 C:\\PROJECT\\Php\\laravel-core\\vendor\\laravel\\framework\\src\\Illuminate\\Foundation\\Http\\Middleware\\VerifyCsrfToken.php(78): Illuminate\\Pipeline\\Pipeline->Illuminate\\Pipeline\\{closure}()
#18 C:\\PROJECT\\Php\\laravel-core\\vendor\\laravel\\framework\\src\\Illuminate\\Pipeline\\Pipeline.php(180): Illuminate\\Foundation\\Http\\Middleware\\VerifyCsrfToken->handle()
#19 C:\\PROJECT\\Php\\laravel-core\\vendor\\laravel\\framework\\src\\Illuminate\\View\\Middleware\\ShareErrorsFromSession.php(49): Illuminate\\Pipeline\\Pipeline->Illuminate\\Pipeline\\{closure}()
#20 C:\\PROJECT\\Php\\laravel-core\\vendor\\laravel\\framework\\src\\Illuminate\\Pipeline\\Pipeline.php(180): Illuminate\\View\\Middleware\\ShareErrorsFromSession->handle()
#21 C:\\PROJECT\\Php\\laravel-core\\vendor\\laravel\\framework\\src\\Illuminate\\Session\\Middleware\\StartSession.php(121): Illuminate\\Pipeline\\Pipeline->Illuminate\\Pipeline\\{closure}()
#22 C:\\PROJECT\\Php\\laravel-core\\vendor\\laravel\\framework\\src\\Illuminate\\Session\\Middleware\\StartSession.php(64): Illuminate\\Session\\Middleware\\StartSession->handleStatefulRequest()
#23 C:\\PROJECT\\Php\\laravel-core\\vendor\\laravel\\framework\\src\\Illuminate\\Pipeline\\Pipeline.php(180): Illuminate\\Session\\Middleware\\StartSession->handle()
#24 C:\\PROJECT\\Php\\laravel-core\\vendor\\laravel\\framework\\src\\Illuminate\\Cookie\\Middleware\\AddQueuedCookiesToResponse.php(37): Illuminate\\Pipeline\\Pipeline->Illuminate\\Pipeline\\{closure}()
#25 C:\\PROJECT\\Php\\laravel-core\\vendor\\laravel\\framework\\src\\Illuminate\\Pipeline\\Pipeline.php(180): Illuminate\\Cookie\\Middleware\\AddQueuedCookiesToResponse->handle()
#26 C:\\PROJECT\\Php\\laravel-core\\vendor\\laravel\\framework\\src\\Illuminate\\Cookie\\Middleware\\EncryptCookies.php(67): Illuminate\\Pipeline\\Pipeline->Illuminate\\Pipeline\\{closure}()
#27 C:\\PROJECT\\Php\\laravel-core\\vendor\\laravel\\framework\\src\\Illuminate\\Pipeline\\Pipeline.php(180): Illuminate\\Cookie\\Middleware\\EncryptCookies->handle()
#28 C:\\PROJECT\\Php\\laravel-core\\vendor\\laravel\\framework\\src\\Illuminate\\Pipeline\\Pipeline.php(116): Illuminate\\Pipeline\\Pipeline->Illuminate\\Pipeline\\{closure}()
#29 C:\\PROJECT\\Php\\laravel-core\\vendor\\laravel\\framework\\src\\Illuminate\\Routing\\Router.php(726): Illuminate\\Pipeline\\Pipeline->then()
#30 C:\\PROJECT\\Php\\laravel-core\\vendor\\laravel\\framework\\src\\Illuminate\\Routing\\Router.php(705): Illuminate\\Routing\\Router->runRouteWithinStack()
#31 C:\\PROJECT\\Php\\laravel-core\\vendor\\laravel\\framework\\src\\Illuminate\\Routing\\Router.php(669): Illuminate\\Routing\\Router->runRoute()
#32 C:\\PROJECT\\Php\\laravel-core\\vendor\\laravel\\framework\\src\\Illuminate\\Routing\\Router.php(658): Illuminate\\Routing\\Router->dispatchToRoute()
#33 C:\\PROJECT\\Php\\laravel-core\\vendor\\laravel\\framework\\src\\Illuminate\\Foundation\\Http\\Kernel.php(190): Illuminate\\Routing\\Router->dispatch()
#34 C:\\PROJECT\\Php\\laravel-core\\vendor\\laravel\\framework\\src\\Illuminate\\Pipeline\\Pipeline.php(141): Illuminate\\Foundation\\Http\\Kernel->Illuminate\\Foundation\\Http\\{closure}()
#35 C:\\PROJECT\\Php\\laravel-core\\vendor\\laravel\\framework\\src\\Illuminate\\View\\Middleware\\ShareErrorsFromSession.php(49): Illuminate\\Pipeline\\Pipeline->Illuminate\\Pipeline\\{closure}()
#36 C:\\PROJECT\\Php\\laravel-core\\vendor\\laravel\\framework\\src\\Illuminate\\Pipeline\\Pipeline.php(180): Illuminate\\View\\Middleware\\ShareErrorsFromSession->handle()
#37 C:\\PROJECT\\Php\\laravel-core\\vendor\\laravel\\framework\\src\\Illuminate\\Session\\Middleware\\StartSession.php(121): Illuminate\\Pipeline\\Pipeline->Illuminate\\Pipeline\\{closure}()
#38 C:\\PROJECT\\Php\\laravel-core\\vendor\\laravel\\framework\\src\\Illuminate\\Session\\Middleware\\StartSession.php(64): Illuminate\\Session\\Middleware\\StartSession->handleStatefulRequest()
#39 C:\\PROJECT\\Php\\laravel-core\\vendor\\laravel\\framework\\src\\Illuminate\\Pipeline\\Pipeline.php(180): Illuminate\\Session\\Middleware\\StartSession->handle()
#40 C:\\PROJECT\\Php\\laravel-core\\vendor\\laravel\\framework\\src\\Illuminate\\Foundation\\Http\\Middleware\\TransformsRequest.php(21): Illuminate\\Pipeline\\Pipeline->Illuminate\\Pipeline\\{closure}()
#41 C:\\PROJECT\\Php\\laravel-core\\vendor\\laravel\\framework\\src\\Illuminate\\Foundation\\Http\\Middleware\\ConvertEmptyStringsToNull.php(31): Illuminate\\Foundation\\Http\\Middleware\\TransformsRequest->handle()
#42 C:\\PROJECT\\Php\\laravel-core\\vendor\\laravel\\framework\\src\\Illuminate\\Pipeline\\Pipeline.php(180): Illuminate\\Foundation\\Http\\Middleware\\ConvertEmptyStringsToNull->handle()
#43 C:\\PROJECT\\Php\\laravel-core\\vendor\\laravel\\framework\\src\\Illuminate\\Foundation\\Http\\Middleware\\TransformsRequest.php(21): Illuminate\\Pipeline\\Pipeline->Illuminate\\Pipeline\\{closure}()
#44 C:\\PROJECT\\Php\\laravel-core\\vendor\\laravel\\framework\\src\\Illuminate\\Foundation\\Http\\Middleware\\TrimStrings.php(40): Illuminate\\Foundation\\Http\\Middleware\\TransformsRequest->handle()
#45 C:\\PROJECT\\Php\\laravel-core\\vendor\\laravel\\framework\\src\\Illuminate\\Pipeline\\Pipeline.php(180): Illuminate\\Foundation\\Http\\Middleware\\TrimStrings->handle()
#46 C:\\PROJECT\\Php\\laravel-core\\vendor\\laravel\\framework\\src\\Illuminate\\Foundation\\Http\\Middleware\\ValidatePostSize.php(27): Illuminate\\Pipeline\\Pipeline->Illuminate\\Pipeline\\{closure}()
#47 C:\\PROJECT\\Php\\laravel-core\\vendor\\laravel\\framework\\src\\Illuminate\\Pipeline\\Pipeline.php(180): Illuminate\\Foundation\\Http\\Middleware\\ValidatePostSize->handle()
#48 C:\\PROJECT\\Php\\laravel-core\\vendor\\laravel\\framework\\src\\Illuminate\\Foundation\\Http\\Middleware\\PreventRequestsDuringMaintenance.php(86): Illuminate\\Pipeline\\Pipeline->Illuminate\\Pipeline\\{closure}()
#49 C:\\PROJECT\\Php\\laravel-core\\vendor\\laravel\\framework\\src\\Illuminate\\Pipeline\\Pipeline.php(180): Illuminate\\Foundation\\Http\\Middleware\\PreventRequestsDuringMaintenance->handle()
#50 C:\\PROJECT\\Php\\laravel-core\\vendor\\laravel\\framework\\src\\Illuminate\\Http\\Middleware\\HandleCors.php(49): Illuminate\\Pipeline\\Pipeline->Illuminate\\Pipeline\\{closure}()
#51 C:\\PROJECT\\Php\\laravel-core\\vendor\\laravel\\framework\\src\\Illuminate\\Pipeline\\Pipeline.php(180): Illuminate\\Http\\Middleware\\HandleCors->handle()
#52 C:\\PROJECT\\Php\\laravel-core\\vendor\\laravel\\framework\\src\\Illuminate\\Http\\Middleware\\TrustProxies.php(39): Illuminate\\Pipeline\\Pipeline->Illuminate\\Pipeline\\{closure}()
#53 C:\\PROJECT\\Php\\laravel-core\\vendor\\laravel\\framework\\src\\Illuminate\\Pipeline\\Pipeline.php(180): Illuminate\\Http\\Middleware\\TrustProxies->handle()
#54 C:\\PROJECT\\Php\\laravel-core\\vendor\\laravel\\framework\\src\\Illuminate\\Pipeline\\Pipeline.php(116): Illuminate\\Pipeline\\Pipeline->Illuminate\\Pipeline\\{closure}()
#55 C:\\PROJECT\\Php\\laravel-core\\vendor\\laravel\\framework\\src\\Illuminate\\Foundation\\Http\\Kernel.php(165): Illuminate\\Pipeline\\Pipeline->then()
#56 C:\\PROJECT\\Php\\laravel-core\\vendor\\laravel\\framework\\src\\Illuminate\\Foundation\\Http\\Kernel.php(134): Illuminate\\Foundation\\Http\\Kernel->sendRequestThroughRouter()
#57 C:\\PROJECT\\Php\\laravel-core\\public\\index.php(56): Illuminate\\Foundation\\Http\\Kernel->handle()
#58 C:\\PROJECT\\Php\\laravel-core\\vendor\\laravel\\framework\\src\\Illuminate\\Foundation\\resources\\server.php(16): require_once('...')
#59 {main}
"} 
[2026-07-28 09:19:49] production.ERROR: Undefined variable $host {"view":{"view":"C:\\PROJECT\\Php\\laravel-core\\resources\\views\\persuratan\\login.blade.php","data":[]},"exception":"[object] (Spatie\\LaravelIgnition\\Exceptions\\ViewException(code: 0): Undefined variable $host at C:\\PROJECT\\Php\\laravel-core\\storage\\framework\\views\\0d410fa521b4dc37c0dfa16620db9968ac7ecaaf.php:196)
[stacktrace]
#0 C:\\PROJECT\\Php\\laravel-core\\vendor\\laravel\\framework\\src\\Illuminate\\Foundation\\Bootstrap\\HandleExceptions.php(259): Illuminate\\Foundation\\Bootstrap\\HandleExceptions->handleError()
#1 C:\\PROJECT\\Php\\laravel-core\\storage\\framework\\views\\0d410fa521b4dc37c0dfa16620db9968ac7ecaaf.php(196): Illuminate\\Foundation\\Bootstrap\\HandleExceptions->Illuminate\\Foundation\\Bootstrap\\{closure}()
#2 C:\\PROJECT\\Php\\laravel-core\\vendor\\laravel\\framework\\src\\Illuminate\\Filesystem\\Filesystem.php(109): require('...')
#3 C:\\PROJECT\\Php\\laravel-core\\vendor\\laravel\\framework\\src\\Illuminate\\Filesystem\\Filesystem.php(110): Illuminate\\Filesystem\\Filesystem::Illuminate\\Filesystem\\{closure}()
#4 C:\\PROJECT\\Php\\laravel-core\\vendor\\laravel\\framework\\src\\Illuminate\\View\\Engines\\PhpEngine.php(58): Illuminate\\Filesystem\\Filesystem->getRequire()
#5 C:\\PROJECT\\Php\\laravel-core\\vendor\\laravel\\framework\\src\\Illuminate\\View\\Engines\\CompilerEngine.php(70): Illuminate\\View\\Engines\\PhpEngine->evaluatePath()
#6 C:\\PROJECT\\Php\\laravel-core\\vendor\\laravel\\framework\\src\\Illuminate\\View\\View.php(152): Illuminate\\View\\Engines\\CompilerEngine->get()
#7 C:\\PROJECT\\Php\\laravel-core\\vendor\\laravel\\framework\\src\\Illuminate\\View\\View.php(135): Illuminate\\View\\View->getContents()
#8 C:\\PROJECT\\Php\\laravel-core\\vendor\\laravel\\framework\\src\\Illuminate\\View\\View.php(104): Illuminate\\View\\View->renderContents()
#9 C:\\PROJECT\\Php\\laravel-core\\vendor\\laravel\\framework\\src\\Illuminate\\Http\\Response.php(69): Illuminate\\View\\View->render()
#10 C:\\PROJECT\\Php\\laravel-core\\vendor\\laravel\\framework\\src\\Illuminate\\Http\\Response.php(35): Illuminate\\Http\\Response->setContent()
#11 C:\\PROJECT\\Php\\laravel-core\\vendor\\laravel\\framework\\src\\Illuminate\\Routing\\Router.php(835): Illuminate\\Http\\Response->__construct()
#12 C:\\PROJECT\\Php\\laravel-core\\vendor\\laravel\\framework\\src\\Illuminate\\Routing\\Router.php(804): Illuminate\\Routing\\Router::toResponse()
#13 C:\\PROJECT\\Php\\laravel-core\\vendor\\laravel\\framework\\src\\Illuminate\\Routing\\Router.php(726): Illuminate\\Routing\\Router->prepareResponse()
#14 C:\\PROJECT\\Php\\laravel-core\\vendor\\laravel\\framework\\src\\Illuminate\\Pipeline\\Pipeline.php(141): Illuminate\\Routing\\Router->Illuminate\\Routing\\{closure}()
#15 C:\\PROJECT\\Php\\laravel-core\\vendor\\laravel\\framework\\src\\Illuminate\\Routing\\Middleware\\SubstituteBindings.php(50): Illuminate\\Pipeline\\Pipeline->Illuminate\\Pipeline\\{closure}()
#16 C:\\PROJECT\\Php\\laravel-core\\vendor\\laravel\\framework\\src\\Illuminate\\Pipeline\\Pipeline.php(180): Illuminate\\Routing\\Middleware\\SubstituteBindings->handle()
#17 C:\\PROJECT\\Php\\laravel-core\\vendor\\laravel\\framework\\src\\Illuminate\\Foundation\\Http\\Middleware\\VerifyCsrfToken.php(78): Illuminate\\Pipeline\\Pipeline->Illuminate\\Pipeline\\{closure}()
#18 C:\\PROJECT\\Php\\laravel-core\\vendor\\laravel\\framework\\src\\Illuminate\\Pipeline\\Pipeline.php(180): Illuminate\\Foundation\\Http\\Middleware\\VerifyCsrfToken->handle()
#19 C:\\PROJECT\\Php\\laravel-core\\vendor\\laravel\\framework\\src\\Illuminate\\View\\Middleware\\ShareErrorsFromSession.php(49): Illuminate\\Pipeline\\Pipeline->Illuminate\\Pipeline\\{closure}()
#20 C:\\PROJECT\\Php\\laravel-core\\vendor\\laravel\\framework\\src\\Illuminate\\Pipeline\\Pipeline.php(180): Illuminate\\View\\Middleware\\ShareErrorsFromSession->handle()
#21 C:\\PROJECT\\Php\\laravel-core\\vendor\\laravel\\framework\\src\\Illuminate\\Session\\Middleware\\StartSession.php(121): Illuminate\\Pipeline\\Pipeline->Illuminate\\Pipeline\\{closure}()
#22 C:\\PROJECT\\Php\\laravel-core\\vendor\\laravel\\framework\\src\\Illuminate\\Session\\Middleware\\StartSession.php(64): Illuminate\\Session\\Middleware\\StartSession->handleStatefulRequest()
#23 C:\\PROJECT\\Php\\laravel-core\\vendor\\laravel\\framework\\src\\Illuminate\\Pipeline\\Pipeline.php(180): Illuminate\\Session\\Middleware\\StartSession->handle()
#24 C:\\PROJECT\\Php\\laravel-core\\vendor\\laravel\\framework\\src\\Illuminate\\Cookie\\Middleware\\AddQueuedCookiesToResponse.php(37): Illuminate\\Pipeline\\Pipeline->Illuminate\\Pipeline\\{closure}()
#25 C:\\PROJECT\\Php\\laravel-core\\vendor\\laravel\\framework\\src\\Illuminate\\Pipeline\\Pipeline.php(180): Illuminate\\Cookie\\Middleware\\AddQueuedCookiesToResponse->handle()
#26 C:\\PROJECT\\Php\\laravel-core\\vendor\\laravel\\framework\\src\\Illuminate\\Cookie\\Middleware\\EncryptCookies.php(67): Illuminate\\Pipeline\\Pipeline->Illuminate\\Pipeline\\{closure}()
#27 C:\\PROJECT\\Php\\laravel-core\\vendor\\laravel\\framework\\src\\Illuminate\\Pipeline\\Pipeline.php(180): Illuminate\\Cookie\\Middleware\\EncryptCookies->handle()
#28 C:\\PROJECT\\Php\\laravel-core\\vendor\\laravel\\framework\\src\\Illuminate\\Pipeline\\Pipeline.php(116): Illuminate\\Pipeline\\Pipeline->Illuminate\\Pipeline\\{closure}()
#29 C:\\PROJECT\\Php\\laravel-core\\vendor\\laravel\\framework\\src\\Illuminate\\Routing\\Router.php(726): Illuminate\\Pipeline\\Pipeline->then()
#30 C:\\PROJECT\\Php\\laravel-core\\vendor\\laravel\\framework\\src\\Illuminate\\Routing\\Router.php(705): Illuminate\\Routing\\Router->runRouteWithinStack()
#31 C:\\PROJECT\\Php\\laravel-core\\vendor\\laravel\\framework\\src\\Illuminate\\Routing\\Router.php(669): Illuminate\\Routing\\Router->runRoute()
#32 C:\\PROJECT\\Php\\laravel-core\\vendor\\laravel\\framework\\src\\Illuminate\\Routing\\Router.php(658): Illuminate\\Routing\\Router->dispatchToRoute()
#33 C:\\PROJECT\\Php\\laravel-core\\vendor\\laravel\\framework\\src\\Illuminate\\Foundation\\Http\\Kernel.php(190): Illuminate\\Routing\\Router->dispatch()
#34 C:\\PROJECT\\Php\\laravel-core\\vendor\\laravel\\framework\\src\\Illuminate\\Pipeline\\Pipeline.php(141): Illuminate\\Foundation\\Http\\Kernel->Illuminate\\Foundation\\Http\\{closure}()
#35 C:\\PROJECT\\Php\\laravel-core\\vendor\\laravel\\framework\\src\\Illuminate\\View\\Middleware\\ShareErrorsFromSession.php(49): Illuminate\\Pipeline\\Pipeline->Illuminate\\Pipeline\\{closure}()
#36 C:\\PROJECT\\Php\\laravel-core\\vendor\\laravel\\framework\\src\\Illuminate\\Pipeline\\Pipeline.php(180): Illuminate\\View\\Middleware\\ShareErrorsFromSession->handle()
#37 C:\\PROJECT\\Php\\laravel-core\\vendor\\laravel\\framework\\src\\Illuminate\\Session\\Middleware\\StartSession.php(121): Illuminate\\Pipeline\\Pipeline->Illuminate\\Pipeline\\{closure}()
#38 C:\\PROJECT\\Php\\laravel-core\\vendor\\laravel\\framework\\src\\Illuminate\\Session\\Middleware\\StartSession.php(64): Illuminate\\Session\\Middleware\\StartSession->handleStatefulRequest()
#39 C:\\PROJECT\\Php\\laravel-core\\vendor\\laravel\\framework\\src\\Illuminate\\Pipeline\\Pipeline.php(180): Illuminate\\Session\\Middleware\\StartSession->handle()
#40 C:\\PROJECT\\Php\\laravel-core\\vendor\\laravel\\framework\\src\\Illuminate\\Foundation\\Http\\Middleware\\TransformsRequest.php(21): Illuminate\\Pipeline\\Pipeline->Illuminate\\Pipeline\\{closure}()
#41 C:\\PROJECT\\Php\\laravel-core\\vendor\\laravel\\framework\\src\\Illuminate\\Foundation\\Http\\Middleware\\ConvertEmptyStringsToNull.php(31): Illuminate\\Foundation\\Http\\Middleware\\TransformsRequest->handle()
#42 C:\\PROJECT\\Php\\laravel-core\\vendor\\laravel\\framework\\src\\Illuminate\\Pipeline\\Pipeline.php(180): Illuminate\\Foundation\\Http\\Middleware\\ConvertEmptyStringsToNull->handle()
#43 C:\\PROJECT\\Php\\laravel-core\\vendor\\laravel\\framework\\src\\Illuminate\\Foundation\\Http\\Middleware\\TransformsRequest.php(21): Illuminate\\Pipeline\\Pipeline->Illuminate\\Pipeline\\{closure}()
#44 C:\\PROJECT\\Php\\laravel-core\\vendor\\laravel\\framework\\src\\Illuminate\\Foundation\\Http\\Middleware\\TrimStrings.php(40): Illuminate\\Foundation\\Http\\Middleware\\TransformsRequest->handle()
#45 C:\\PROJECT\\Php\\laravel-core\\vendor\\laravel\\framework\\src\\Illuminate\\Pipeline\\Pipeline.php(180): Illuminate\\Foundation\\Http\\Middleware\\TrimStrings->handle()
#46 C:\\PROJECT\\Php\\laravel-core\\vendor\\laravel\\framework\\src\\Illuminate\\Foundation\\Http\\Middleware\\ValidatePostSize.php(27): Illuminate\\Pipeline\\Pipeline->Illuminate\\Pipeline\\{closure}()
#47 C:\\PROJECT\\Php\\laravel-core\\vendor\\laravel\\framework\\src\\Illuminate\\Pipeline\\Pipeline.php(180): Illuminate\\Foundation\\Http\\Middleware\\ValidatePostSize->handle()
#48 C:\\PROJECT\\Php\\laravel-core\\vendor\\laravel\\framework\\src\\Illuminate\\Foundation\\Http\\Middleware\\PreventRequestsDuringMaintenance.php(86): Illuminate\\Pipeline\\Pipeline->Illuminate\\Pipeline\\{closure}()
#49 C:\\PROJECT\\Php\\laravel-core\\vendor\\laravel\\framework\\src\\Illuminate\\Pipeline\\Pipeline.php(180): Illuminate\\Foundation\\Http\\Middleware\\PreventRequestsDuringMaintenance->handle()
#50 C:\\PROJECT\\Php\\laravel-core\\vendor\\laravel\\framework\\src\\Illuminate\\Http\\Middleware\\HandleCors.php(49): Illuminate\\Pipeline\\Pipeline->Illuminate\\Pipeline\\{closure}()
#51 C:\\PROJECT\\Php\\laravel-core\\vendor\\laravel\\framework\\src\\Illuminate\\Pipeline\\Pipeline.php(180): Illuminate\\Http\\Middleware\\HandleCors->handle()
#52 C:\\PROJECT\\Php\\laravel-core\\vendor\\laravel\\framework\\src\\Illuminate\\Http\\Middleware\\TrustProxies.php(39): Illuminate\\Pipeline\\Pipeline->Illuminate\\Pipeline\\{closure}()
#53 C:\\PROJECT\\Php\\laravel-core\\vendor\\laravel\\framework\\src\\Illuminate\\Pipeline\\Pipeline.php(180): Illuminate\\Http\\Middleware\\TrustProxies->handle()
#54 C:\\PROJECT\\Php\\laravel-core\\vendor\\laravel\\framework\\src\\Illuminate\\Pipeline\\Pipeline.php(116): Illuminate\\Pipeline\\Pipeline->Illuminate\\Pipeline\\{closure}()
#55 C:\\PROJECT\\Php\\laravel-core\\vendor\\laravel\\framework\\src\\Illuminate\\Foundation\\Http\\Kernel.php(165): Illuminate\\Pipeline\\Pipeline->then()
#56 C:\\PROJECT\\Php\\laravel-core\\vendor\\laravel\\framework\\src\\Illuminate\\Foundation\\Http\\Kernel.php(134): Illuminate\\Foundation\\Http\\Kernel->sendRequestThroughRouter()
#57 C:\\PROJECT\\Php\\laravel-core\\public\\index.php(56): Illuminate\\Foundation\\Http\\Kernel->handle()
#58 C:\\PROJECT\\Php\\laravel-core\\vendor\\laravel\\framework\\src\\Illuminate\\Foundation\\resources\\server.php(16): require_once('...')
#59 {main}

[previous exception] [object] (ErrorException(code: 0): Undefined variable $host at C:\\PROJECT\\Php\\laravel-core\\storage\\framework\\views\\0d410fa521b4dc37c0dfa16620db9968ac7ecaaf.php:196)
[stacktrace]
#0 C:\\PROJECT\\Php\\laravel-core\\vendor\\laravel\\framework\\src\\Illuminate\\Foundation\\Bootstrap\\HandleExceptions.php(259): Illuminate\\Foundation\\Bootstrap\\HandleExceptions->handleError()
#1 C:\\PROJECT\\Php\\laravel-core\\storage\\framework\\views\\0d410fa521b4dc37c0dfa16620db9968ac7ecaaf.php(196): Illuminate\\Foundation\\Bootstrap\\HandleExceptions->Illuminate\\Foundation\\Bootstrap\\{closure}()
#2 C:\\PROJECT\\Php\\laravel-core\\vendor\\laravel\\framework\\src\\Illuminate\\Filesystem\\Filesystem.php(109): require('...')
#3 C:\\PROJECT\\Php\\laravel-core\\vendor\\laravel\\framework\\src\\Illuminate\\Filesystem\\Filesystem.php(110): Illuminate\\Filesystem\\Filesystem::Illuminate\\Filesystem\\{closure}()
#4 C:\\PROJECT\\Php\\laravel-core\\vendor\\laravel\\framework\\src\\Illuminate\\View\\Engines\\PhpEngine.php(58): Illuminate\\Filesystem\\Filesystem->getRequire()
#5 C:\\PROJECT\\Php\\laravel-core\\vendor\\laravel\\framework\\src\\Illuminate\\View\\Engines\\CompilerEngine.php(70): Illuminate\\View\\Engines\\PhpEngine->evaluatePath()
#6 C:\\PROJECT\\Php\\laravel-core\\vendor\\laravel\\framework\\src\\Illuminate\\View\\View.php(152): Illuminate\\View\\Engines\\CompilerEngine->get()
#7 C:\\PROJECT\\Php\\laravel-core\\vendor\\laravel\\framework\\src\\Illuminate\\View\\View.php(135): Illuminate\\View\\View->getContents()
#8 C:\\PROJECT\\Php\\laravel-core\\vendor\\laravel\\framework\\src\\Illuminate\\View\\View.php(104): Illuminate\\View\\View->renderContents()
#9 C:\\PROJECT\\Php\\laravel-core\\vendor\\laravel\\framework\\src\\Illuminate\\Http\\Response.php(69): Illuminate\\View\\View->render()
#10 C:\\PROJECT\\Php\\laravel-core\\vendor\\laravel\\framework\\src\\Illuminate\\Http\\Response.php(35): Illuminate\\Http\\Response->setContent()
#11 C:\\PROJECT\\Php\\laravel-core\\vendor\\laravel\\framework\\src\\Illuminate\\Routing\\Router.php(835): Illuminate\\Http\\Response->__construct()
#12 C:\\PROJECT\\Php\\laravel-core\\vendor\\laravel\\framework\\src\\Illuminate\\Routing\\Router.php(804): Illuminate\\Routing\\Router::toResponse()
#13 C:\\PROJECT\\Php\\laravel-core\\vendor\\laravel\\framework\\src\\Illuminate\\Routing\\Router.php(726): Illuminate\\Routing\\Router->prepareResponse()
#14 C:\\PROJECT\\Php\\laravel-core\\vendor\\laravel\\framework\\src\\Illuminate\\Pipeline\\Pipeline.php(141): Illuminate\\Routing\\Router->Illuminate\\Routing\\{closure}()
#15 C:\\PROJECT\\Php\\laravel-core\\vendor\\laravel\\framework\\src\\Illuminate\\Routing\\Middleware\\SubstituteBindings.php(50): Illuminate\\Pipeline\\Pipeline->Illuminate\\Pipeline\\{closure}()
#16 C:\\PROJECT\\Php\\laravel-core\\vendor\\laravel\\framework\\src\\Illuminate\\Pipeline\\Pipeline.php(180): Illuminate\\Routing\\Middleware\\SubstituteBindings->handle()
#17 C:\\PROJECT\\Php\\laravel-core\\vendor\\laravel\\framework\\src\\Illuminate\\Foundation\\Http\\Middleware\\VerifyCsrfToken.php(78): Illuminate\\Pipeline\\Pipeline->Illuminate\\Pipeline\\{closure}()
#18 C:\\PROJECT\\Php\\laravel-core\\vendor\\laravel\\framework\\src\\Illuminate\\Pipeline\\Pipeline.php(180): Illuminate\\Foundation\\Http\\Middleware\\VerifyCsrfToken->handle()
#19 C:\\PROJECT\\Php\\laravel-core\\vendor\\laravel\\framework\\src\\Illuminate\\View\\Middleware\\ShareErrorsFromSession.php(49): Illuminate\\Pipeline\\Pipeline->Illuminate\\Pipeline\\{closure}()
#20 C:\\PROJECT\\Php\\laravel-core\\vendor\\laravel\\framework\\src\\Illuminate\\Pipeline\\Pipeline.php(180): Illuminate\\View\\Middleware\\ShareErrorsFromSession->handle()
#21 C:\\PROJECT\\Php\\laravel-core\\vendor\\laravel\\framework\\src\\Illuminate\\Session\\Middleware\\StartSession.php(121): Illuminate\\Pipeline\\Pipeline->Illuminate\\Pipeline\\{closure}()
#22 C:\\PROJECT\\Php\\laravel-core\\vendor\\laravel\\framework\\src\\Illuminate\\Session\\Middleware\\StartSession.php(64): Illuminate\\Session\\Middleware\\StartSession->handleStatefulRequest()
#23 C:\\PROJECT\\Php\\laravel-core\\vendor\\laravel\\framework\\src\\Illuminate\\Pipeline\\Pipeline.php(180): Illuminate\\Session\\Middleware\\StartSession->handle()
#24 C:\\PROJECT\\Php\\laravel-core\\vendor\\laravel\\framework\\src\\Illuminate\\Cookie\\Middleware\\AddQueuedCookiesToResponse.php(37): Illuminate\\Pipeline\\Pipeline->Illuminate\\Pipeline\\{closure}()
#25 C:\\PROJECT\\Php\\laravel-core\\vendor\\laravel\\framework\\src\\Illuminate\\Pipeline\\Pipeline.php(180): Illuminate\\Cookie\\Middleware\\AddQueuedCookiesToResponse->handle()
#26 C:\\PROJECT\\Php\\laravel-core\\vendor\\laravel\\framework\\src\\Illuminate\\Cookie\\Middleware\\EncryptCookies.php(67): Illuminate\\Pipeline\\Pipeline->Illuminate\\Pipeline\\{closure}()
#27 C:\\PROJECT\\Php\\laravel-core\\vendor\\laravel\\framework\\src\\Illuminate\\Pipeline\\Pipeline.php(180): Illuminate\\Cookie\\Middleware\\EncryptCookies->handle()
#28 C:\\PROJECT\\Php\\laravel-core\\vendor\\laravel\\framework\\src\\Illuminate\\Pipeline\\Pipeline.php(116): Illuminate\\Pipeline\\Pipeline->Illuminate\\Pipeline\\{closure}()
#29 C:\\PROJECT\\Php\\laravel-core\\vendor\\laravel\\framework\\src\\Illuminate\\Routing\\Router.php(726): Illuminate\\Pipeline\\Pipeline->then()
#30 C:\\PROJECT\\Php\\laravel-core\\vendor\\laravel\\framework\\src\\Illuminate\\Routing\\Router.php(705): Illuminate\\Routing\\Router->runRouteWithinStack()
#31 C:\\PROJECT\\Php\\laravel-core\\vendor\\laravel\\framework\\src\\Illuminate\\Routing\\Router.php(669): Illuminate\\Routing\\Router->runRoute()
#32 C:\\PROJECT\\Php\\laravel-core\\vendor\\laravel\\framework\\src\\Illuminate\\Routing\\Router.php(658): Illuminate\\Routing\\Router->dispatchToRoute()
#33 C:\\PROJECT\\Php\\laravel-core\\vendor\\laravel\\framework\\src\\Illuminate\\Foundation\\Http\\Kernel.php(190): Illuminate\\Routing\\Router->dispatch()
#34 C:\\PROJECT\\Php\\laravel-core\\vendor\\laravel\\framework\\src\\Illuminate\\Pipeline\\Pipeline.php(141): Illuminate\\Foundation\\Http\\Kernel->Illuminate\\Foundation\\Http\\{closure}()
#35 C:\\PROJECT\\Php\\laravel-core\\vendor\\laravel\\framework\\src\\Illuminate\\View\\Middleware\\ShareErrorsFromSession.php(49): Illuminate\\Pipeline\\Pipeline->Illuminate\\Pipeline\\{closure}()
#36 C:\\PROJECT\\Php\\laravel-core\\vendor\\laravel\\framework\\src\\Illuminate\\Pipeline\\Pipeline.php(180): Illuminate\\View\\Middleware\\ShareErrorsFromSession->handle()
#37 C:\\PROJECT\\Php\\laravel-core\\vendor\\laravel\\framework\\src\\Illuminate\\Session\\Middleware\\StartSession.php(121): Illuminate\\Pipeline\\Pipeline->Illuminate\\Pipeline\\{closure}()
#38 C:\\PROJECT\\Php\\laravel-core\\vendor\\laravel\\framework\\src\\Illuminate\\Session\\Middleware\\StartSession.php(64): Illuminate\\Session\\Middleware\\StartSession->handleStatefulRequest()
#39 C:\\PROJECT\\Php\\laravel-core\\vendor\\laravel\\framework\\src\\Illuminate\\Pipeline\\Pipeline.php(180): Illuminate\\Session\\Middleware\\StartSession->handle()
#40 C:\\PROJECT\\Php\\laravel-core\\vendor\\laravel\\framework\\src\\Illuminate\\Foundation\\Http\\Middleware\\TransformsRequest.php(21): Illuminate\\Pipeline\\Pipeline->Illuminate\\Pipeline\\{closure}()
#41 C:\\PROJECT\\Php\\laravel-core\\vendor\\laravel\\framework\\src\\Illuminate\\Foundation\\Http\\Middleware\\ConvertEmptyStringsToNull.php(31): Illuminate\\Foundation\\Http\\Middleware\\TransformsRequest->handle()
#42 C:\\PROJECT\\Php\\laravel-core\\vendor\\laravel\\framework\\src\\Illuminate\\Pipeline\\Pipeline.php(180): Illuminate\\Foundation\\Http\\Middleware\\ConvertEmptyStringsToNull->handle()
#43 C:\\PROJECT\\Php\\laravel-core\\vendor\\laravel\\framework\\src\\Illuminate\\Foundation\\Http\\Middleware\\TransformsRequest.php(21): Illuminate\\Pipeline\\Pipeline->Illuminate\\Pipeline\\{closure}()
#44 C:\\PROJECT\\Php\\laravel-core\\vendor\\laravel\\framework\\src\\Illuminate\\Foundation\\Http\\Middleware\\TrimStrings.php(40): Illuminate\\Foundation\\Http\\Middleware\\TransformsRequest->handle()
#45 C:\\PROJECT\\Php\\laravel-core\\vendor\\laravel\\framework\\src\\Illuminate\\Pipeline\\Pipeline.php(180): Illuminate\\Foundation\\Http\\Middleware\\TrimStrings->handle()
#46 C:\\PROJECT\\Php\\laravel-core\\vendor\\laravel\\framework\\src\\Illuminate\\Foundation\\Http\\Middleware\\ValidatePostSize.php(27): Illuminate\\Pipeline\\Pipeline->Illuminate\\Pipeline\\{closure}()
#47 C:\\PROJECT\\Php\\laravel-core\\vendor\\laravel\\framework\\src\\Illuminate\\Pipeline\\Pipeline.php(180): Illuminate\\Foundation\\Http\\Middleware\\ValidatePostSize->handle()
#48 C:\\PROJECT\\Php\\laravel-core\\vendor\\laravel\\framework\\src\\Illuminate\\Foundation\\Http\\Middleware\\PreventRequestsDuringMaintenance.php(86): Illuminate\\Pipeline\\Pipeline->Illuminate\\Pipeline\\{closure}()
#49 C:\\PROJECT\\Php\\laravel-core\\vendor\\laravel\\framework\\src\\Illuminate\\Pipeline\\Pipeline.php(180): Illuminate\\Foundation\\Http\\Middleware\\PreventRequestsDuringMaintenance->handle()
#50 C:\\PROJECT\\Php\\laravel-core\\vendor\\laravel\\framework\\src\\Illuminate\\Http\\Middleware\\HandleCors.php(49): Illuminate\\Pipeline\\Pipeline->Illuminate\\Pipeline\\{closure}()
#51 C:\\PROJECT\\Php\\laravel-core\\vendor\\laravel\\framework\\src\\Illuminate\\Pipeline\\Pipeline.php(180): Illuminate\\Http\\Middleware\\HandleCors->handle()
#52 C:\\PROJECT\\Php\\laravel-core\\vendor\\laravel\\framework\\src\\Illuminate\\Http\\Middleware\\TrustProxies.php(39): Illuminate\\Pipeline\\Pipeline->Illuminate\\Pipeline\\{closure}()
#53 C:\\PROJECT\\Php\\laravel-core\\vendor\\laravel\\framework\\src\\Illuminate\\Pipeline\\Pipeline.php(180): Illuminate\\Http\\Middleware\\TrustProxies->handle()
#54 C:\\PROJECT\\Php\\laravel-core\\vendor\\laravel\\framework\\src\\Illuminate\\Pipeline\\Pipeline.php(116): Illuminate\\Pipeline\\Pipeline->Illuminate\\Pipeline\\{closure}()
#55 C:\\PROJECT\\Php\\laravel-core\\vendor\\laravel\\framework\\src\\Illuminate\\Foundation\\Http\\Kernel.php(165): Illuminate\\Pipeline\\Pipeline->then()
#56 C:\\PROJECT\\Php\\laravel-core\\vendor\\laravel\\framework\\src\\Illuminate\\Foundation\\Http\\Kernel.php(134): Illuminate\\Foundation\\Http\\Kernel->sendRequestThroughRouter()
#57 C:\\PROJECT\\Php\\laravel-core\\public\\index.php(56): Illuminate\\Foundation\\Http\\Kernel->handle()
#58 C:\\PROJECT\\Php\\laravel-core\\vendor\\laravel\\framework\\src\\Illuminate\\Foundation\\resources\\server.php(16): require_once('...')
#59 {main}
"} 
[2026-07-28 09:20:11] production.ERROR: Undefined variable $host {"view":{"view":"C:\\PROJECT\\Php\\laravel-core\\resources\\views\\persuratan\\login.blade.php","data":[]},"exception":"[object] (Spatie\\LaravelIgnition\\Exceptions\\ViewException(code: 0): Undefined variable $host at C:\\PROJECT\\Php\\laravel-core\\storage\\framework\\views\\0d410fa521b4dc37c0dfa16620db9968ac7ecaaf.php:196)
[stacktrace]
#0 C:\\PROJECT\\Php\\laravel-core\\vendor\\laravel\\framework\\src\\Illuminate\\Foundation\\Bootstrap\\HandleExceptions.php(259): Illuminate\\Foundation\\Bootstrap\\HandleExceptions->handleError()
#1 C:\\PROJECT\\Php\\laravel-core\\storage\\framework\\views\\0d410fa521b4dc37c0dfa16620db9968ac7ecaaf.php(196): Illuminate\\Foundation\\Bootstrap\\HandleExceptions->Illuminate\\Foundation\\Bootstrap\\{closure}()
#2 C:\\PROJECT\\Php\\laravel-core\\vendor\\laravel\\framework\\src\\Illuminate\\Filesystem\\Filesystem.php(109): require('...')
#3 C:\\PROJECT\\Php\\laravel-core\\vendor\\laravel\\framework\\src\\Illuminate\\Filesystem\\Filesystem.php(110): Illuminate\\Filesystem\\Filesystem::Illuminate\\Filesystem\\{closure}()
#4 C:\\PROJECT\\Php\\laravel-core\\vendor\\laravel\\framework\\src\\Illuminate\\View\\Engines\\PhpEngine.php(58): Illuminate\\Filesystem\\Filesystem->getRequire()
#5 C:\\PROJECT\\Php\\laravel-core\\vendor\\laravel\\framework\\src\\Illuminate\\View\\Engines\\CompilerEngine.php(70): Illuminate\\View\\Engines\\PhpEngine->evaluatePath()
#6 C:\\PROJECT\\Php\\laravel-core\\vendor\\laravel\\framework\\src\\Illuminate\\View\\View.php(152): Illuminate\\View\\Engines\\CompilerEngine->get()
#7 C:\\PROJECT\\Php\\laravel-core\\vendor\\laravel\\framework\\src\\Illuminate\\View\\View.php(135): Illuminate\\View\\View->getContents()
#8 C:\\PROJECT\\Php\\laravel-core\\vendor\\laravel\\framework\\src\\Illuminate\\View\\View.php(104): Illuminate\\View\\View->renderContents()
#9 C:\\PROJECT\\Php\\laravel-core\\vendor\\laravel\\framework\\src\\Illuminate\\Http\\Response.php(69): Illuminate\\View\\View->render()
#10 C:\\PROJECT\\Php\\laravel-core\\vendor\\laravel\\framework\\src\\Illuminate\\Http\\Response.php(35): Illuminate\\Http\\Response->setContent()
#11 C:\\PROJECT\\Php\\laravel-core\\vendor\\laravel\\framework\\src\\Illuminate\\Routing\\Router.php(835): Illuminate\\Http\\Response->__construct()
#12 C:\\PROJECT\\Php\\laravel-core\\vendor\\laravel\\framework\\src\\Illuminate\\Routing\\Router.php(804): Illuminate\\Routing\\Router::toResponse()
#13 C:\\PROJECT\\Php\\laravel-core\\vendor\\laravel\\framework\\src\\Illuminate\\Routing\\Router.php(726): Illuminate\\Routing\\Router->prepareResponse()
#14 C:\\PROJECT\\Php\\laravel-core\\vendor\\laravel\\framework\\src\\Illuminate\\Pipeline\\Pipeline.php(141): Illuminate\\Routing\\Router->Illuminate\\Routing\\{closure}()
#15 C:\\PROJECT\\Php\\laravel-core\\vendor\\laravel\\framework\\src\\Illuminate\\Routing\\Middleware\\SubstituteBindings.php(50): Illuminate\\Pipeline\\Pipeline->Illuminate\\Pipeline\\{closure}()
#16 C:\\PROJECT\\Php\\laravel-core\\vendor\\laravel\\framework\\src\\Illuminate\\Pipeline\\Pipeline.php(180): Illuminate\\Routing\\Middleware\\SubstituteBindings->handle()
#17 C:\\PROJECT\\Php\\laravel-core\\vendor\\laravel\\framework\\src\\Illuminate\\Foundation\\Http\\Middleware\\VerifyCsrfToken.php(78): Illuminate\\Pipeline\\Pipeline->Illuminate\\Pipeline\\{closure}()
#18 C:\\PROJECT\\Php\\laravel-core\\vendor\\laravel\\framework\\src\\Illuminate\\Pipeline\\Pipeline.php(180): Illuminate\\Foundation\\Http\\Middleware\\VerifyCsrfToken->handle()
#19 C:\\PROJECT\\Php\\laravel-core\\vendor\\laravel\\framework\\src\\Illuminate\\View\\Middleware\\ShareErrorsFromSession.php(49): Illuminate\\Pipeline\\Pipeline->Illuminate\\Pipeline\\{closure}()
#20 C:\\PROJECT\\Php\\laravel-core\\vendor\\laravel\\framework\\src\\Illuminate\\Pipeline\\Pipeline.php(180): Illuminate\\View\\Middleware\\ShareErrorsFromSession->handle()
#21 C:\\PROJECT\\Php\\laravel-core\\vendor\\laravel\\framework\\src\\Illuminate\\Session\\Middleware\\StartSession.php(121): Illuminate\\Pipeline\\Pipeline->Illuminate\\Pipeline\\{closure}()
#22 C:\\PROJECT\\Php\\laravel-core\\vendor\\laravel\\framework\\src\\Illuminate\\Session\\Middleware\\StartSession.php(64): Illuminate\\Session\\Middleware\\StartSession->handleStatefulRequest()
#23 C:\\PROJECT\\Php\\laravel-core\\vendor\\laravel\\framework\\src\\Illuminate\\Pipeline\\Pipeline.php(180): Illuminate\\Session\\Middleware\\StartSession->handle()
#24 C:\\PROJECT\\Php\\laravel-core\\vendor\\laravel\\framework\\src\\Illuminate\\Cookie\\Middleware\\AddQueuedCookiesToResponse.php(37): Illuminate\\Pipeline\\Pipeline->Illuminate\\Pipeline\\{closure}()
#25 C:\\PROJECT\\Php\\laravel-core\\vendor\\laravel\\framework\\src\\Illuminate\\Pipeline\\Pipeline.php(180): Illuminate\\Cookie\\Middleware\\AddQueuedCookiesToResponse->handle()
#26 C:\\PROJECT\\Php\\laravel-core\\vendor\\laravel\\framework\\src\\Illuminate\\Cookie\\Middleware\\EncryptCookies.php(67): Illuminate\\Pipeline\\Pipeline->Illuminate\\Pipeline\\{closure}()
#27 C:\\PROJECT\\Php\\laravel-core\\vendor\\laravel\\framework\\src\\Illuminate\\Pipeline\\Pipeline.php(180): Illuminate\\Cookie\\Middleware\\EncryptCookies->handle()
#28 C:\\PROJECT\\Php\\laravel-core\\vendor\\laravel\\framework\\src\\Illuminate\\Pipeline\\Pipeline.php(116): Illuminate\\Pipeline\\Pipeline->Illuminate\\Pipeline\\{closure}()
#29 C:\\PROJECT\\Php\\laravel-core\\vendor\\laravel\\framework\\src\\Illuminate\\Routing\\Router.php(726): Illuminate\\Pipeline\\Pipeline->then()
#30 C:\\PROJECT\\Php\\laravel-core\\vendor\\laravel\\framework\\src\\Illuminate\\Routing\\Router.php(705): Illuminate\\Routing\\Router->runRouteWithinStack()
#31 C:\\PROJECT\\Php\\laravel-core\\vendor\\laravel\\framework\\src\\Illuminate\\Routing\\Router.php(669): Illuminate\\Routing\\Router->runRoute()
#32 C:\\PROJECT\\Php\\laravel-core\\vendor\\laravel\\framework\\src\\Illuminate\\Routing\\Router.php(658): Illuminate\\Routing\\Router->dispatchToRoute()
#33 C:\\PROJECT\\Php\\laravel-core\\vendor\\laravel\\framework\\src\\Illuminate\\Foundation\\Http\\Kernel.php(190): Illuminate\\Routing\\Router->dispatch()
#34 C:\\PROJECT\\Php\\laravel-core\\vendor\\laravel\\framework\\src\\Illuminate\\Pipeline\\Pipeline.php(141): Illuminate\\Foundation\\Http\\Kernel->Illuminate\\Foundation\\Http\\{closure}()
#35 C:\\PROJECT\\Php\\laravel-core\\vendor\\laravel\\framework\\src\\Illuminate\\View\\Middleware\\ShareErrorsFromSession.php(49): Illuminate\\Pipeline\\Pipeline->Illuminate\\Pipeline\\{closure}()
#36 C:\\PROJECT\\Php\\laravel-core\\vendor\\laravel\\framework\\src\\Illuminate\\Pipeline\\Pipeline.php(180): Illuminate\\View\\Middleware\\ShareErrorsFromSession->handle()
#37 C:\\PROJECT\\Php\\laravel-core\\vendor\\laravel\\framework\\src\\Illuminate\\Session\\Middleware\\StartSession.php(121): Illuminate\\Pipeline\\Pipeline->Illuminate\\Pipeline\\{closure}()
#38 C:\\PROJECT\\Php\\laravel-core\\vendor\\laravel\\framework\\src\\Illuminate\\Session\\Middleware\\StartSession.php(64): Illuminate\\Session\\Middleware\\StartSession->handleStatefulRequest()
#39 C:\\PROJECT\\Php\\laravel-core\\vendor\\laravel\\framework\\src\\Illuminate\\Pipeline\\Pipeline.php(180): Illuminate\\Session\\Middleware\\StartSession->handle()
#40 C:\\PROJECT\\Php\\laravel-core\\vendor\\laravel\\framework\\src\\Illuminate\\Foundation\\Http\\Middleware\\TransformsRequest.php(21): Illuminate\\Pipeline\\Pipeline->Illuminate\\Pipeline\\{closure}()
#41 C:\\PROJECT\\Php\\laravel-core\\vendor\\laravel\\framework\\src\\Illuminate\\Foundation\\Http\\Middleware\\ConvertEmptyStringsToNull.php(31): Illuminate\\Foundation\\Http\\Middleware\\TransformsRequest->handle()
#42 C:\\PROJECT\\Php\\laravel-core\\vendor\\laravel\\framework\\src\\Illuminate\\Pipeline\\Pipeline.php(180): Illuminate\\Foundation\\Http\\Middleware\\ConvertEmptyStringsToNull->handle()
#43 C:\\PROJECT\\Php\\laravel-core\\vendor\\laravel\\framework\\src\\Illuminate\\Foundation\\Http\\Middleware\\TransformsRequest.php(21): Illuminate\\Pipeline\\Pipeline->Illuminate\\Pipeline\\{closure}()
#44 C:\\PROJECT\\Php\\laravel-core\\vendor\\laravel\\framework\\src\\Illuminate\\Foundation\\Http\\Middleware\\TrimStrings.php(40): Illuminate\\Foundation\\Http\\Middleware\\TransformsRequest->handle()
#45 C:\\PROJECT\\Php\\laravel-core\\vendor\\laravel\\framework\\src\\Illuminate\\Pipeline\\Pipeline.php(180): Illuminate\\Foundation\\Http\\Middleware\\TrimStrings->handle()
#46 C:\\PROJECT\\Php\\laravel-core\\vendor\\laravel\\framework\\src\\Illuminate\\Foundation\\Http\\Middleware\\ValidatePostSize.php(27): Illuminate\\Pipeline\\Pipeline->Illuminate\\Pipeline\\{closure}()
#47 C:\\PROJECT\\Php\\laravel-core\\vendor\\laravel\\framework\\src\\Illuminate\\Pipeline\\Pipeline.php(180): Illuminate\\Foundation\\Http\\Middleware\\ValidatePostSize->handle()
#48 C:\\PROJECT\\Php\\laravel-core\\vendor\\laravel\\framework\\src\\Illuminate\\Foundation\\Http\\Middleware\\PreventRequestsDuringMaintenance.php(86): Illuminate\\Pipeline\\Pipeline->Illuminate\\Pipeline\\{closure}()
#49 C:\\PROJECT\\Php\\laravel-core\\vendor\\laravel\\framework\\src\\Illuminate\\Pipeline\\Pipeline.php(180): Illuminate\\Foundation\\Http\\Middleware\\PreventRequestsDuringMaintenance->handle()
#50 C:\\PROJECT\\Php\\laravel-core\\vendor\\laravel\\framework\\src\\Illuminate\\Http\\Middleware\\HandleCors.php(49): Illuminate\\Pipeline\\Pipeline->Illuminate\\Pipeline\\{closure}()
#51 C:\\PROJECT\\Php\\laravel-core\\vendor\\laravel\\framework\\src\\Illuminate\\Pipeline\\Pipeline.php(180): Illuminate\\Http\\Middleware\\HandleCors->handle()
#52 C:\\PROJECT\\Php\\laravel-core\\vendor\\laravel\\framework\\src\\Illuminate\\Http\\Middleware\\TrustProxies.php(39): Illuminate\\Pipeline\\Pipeline->Illuminate\\Pipeline\\{closure}()
#53 C:\\PROJECT\\Php\\laravel-core\\vendor\\laravel\\framework\\src\\Illuminate\\Pipeline\\Pipeline.php(180): Illuminate\\Http\\Middleware\\TrustProxies->handle()
#54 C:\\PROJECT\\Php\\laravel-core\\vendor\\laravel\\framework\\src\\Illuminate\\Pipeline\\Pipeline.php(116): Illuminate\\Pipeline\\Pipeline->Illuminate\\Pipeline\\{closure}()
#55 C:\\PROJECT\\Php\\laravel-core\\vendor\\laravel\\framework\\src\\Illuminate\\Foundation\\Http\\Kernel.php(165): Illuminate\\Pipeline\\Pipeline->then()
#56 C:\\PROJECT\\Php\\laravel-core\\vendor\\laravel\\framework\\src\\Illuminate\\Foundation\\Http\\Kernel.php(134): Illuminate\\Foundation\\Http\\Kernel->sendRequestThroughRouter()
#57 C:\\PROJECT\\Php\\laravel-core\\public\\index.php(56): Illuminate\\Foundation\\Http\\Kernel->handle()
#58 C:\\PROJECT\\Php\\laravel-core\\vendor\\laravel\\framework\\src\\Illuminate\\Foundation\\resources\\server.php(16): require_once('...')
#59 {main}

[previous exception] [object] (ErrorException(code: 0): Undefined variable $host at C:\\PROJECT\\Php\\laravel-core\\storage\\framework\\views\\0d410fa521b4dc37c0dfa16620db9968ac7ecaaf.php:196)
[stacktrace]
#0 C:\\PROJECT\\Php\\laravel-core\\vendor\\laravel\\framework\\src\\Illuminate\\Foundation\\Bootstrap\\HandleExceptions.php(259): Illuminate\\Foundation\\Bootstrap\\HandleExceptions->handleError()
#1 C:\\PROJECT\\Php\\laravel-core\\storage\\framework\\views\\0d410fa521b4dc37c0dfa16620db9968ac7ecaaf.php(196): Illuminate\\Foundation\\Bootstrap\\HandleExceptions->Illuminate\\Foundation\\Bootstrap\\{closure}()
#2 C:\\PROJECT\\Php\\laravel-core\\vendor\\laravel\\framework\\src\\Illuminate\\Filesystem\\Filesystem.php(109): require('...')
#3 C:\\PROJECT\\Php\\laravel-core\\vendor\\laravel\\framework\\src\\Illuminate\\Filesystem\\Filesystem.php(110): Illuminate\\Filesystem\\Filesystem::Illuminate\\Filesystem\\{closure}()
#4 C:\\PROJECT\\Php\\laravel-core\\vendor\\laravel\\framework\\src\\Illuminate\\View\\Engines\\PhpEngine.php(58): Illuminate\\Filesystem\\Filesystem->getRequire()
#5 C:\\PROJECT\\Php\\laravel-core\\vendor\\laravel\\framework\\src\\Illuminate\\View\\Engines\\CompilerEngine.php(70): Illuminate\\View\\Engines\\PhpEngine->evaluatePath()
#6 C:\\PROJECT\\Php\\laravel-core\\vendor\\laravel\\framework\\src\\Illuminate\\View\\View.php(152): Illuminate\\View\\Engines\\CompilerEngine->get()
#7 C:\\PROJECT\\Php\\laravel-core\\vendor\\laravel\\framework\\src\\Illuminate\\View\\View.php(135): Illuminate\\View\\View->getContents()
#8 C:\\PROJECT\\Php\\laravel-core\\vendor\\laravel\\framework\\src\\Illuminate\\View\\View.php(104): Illuminate\\View\\View->renderContents()
#9 C:\\PROJECT\\Php\\laravel-core\\vendor\\laravel\\framework\\src\\Illuminate\\Http\\Response.php(69): Illuminate\\View\\View->render()
#10 C:\\PROJECT\\Php\\laravel-core\\vendor\\laravel\\framework\\src\\Illuminate\\Http\\Response.php(35): Illuminate\\Http\\Response->setContent()
#11 C:\\PROJECT\\Php\\laravel-core\\vendor\\laravel\\framework\\src\\Illuminate\\Routing\\Router.php(835): Illuminate\\Http\\Response->__construct()
#12 C:\\PROJECT\\Php\\laravel-core\\vendor\\laravel\\framework\\src\\Illuminate\\Routing\\Router.php(804): Illuminate\\Routing\\Router::toResponse()
#13 C:\\PROJECT\\Php\\laravel-core\\vendor\\laravel\\framework\\src\\Illuminate\\Routing\\Router.php(726): Illuminate\\Routing\\Router->prepareResponse()
#14 C:\\PROJECT\\Php\\laravel-core\\vendor\\laravel\\framework\\src\\Illuminate\\Pipeline\\Pipeline.php(141): Illuminate\\Routing\\Router->Illuminate\\Routing\\{closure}()
#15 C:\\PROJECT\\Php\\laravel-core\\vendor\\laravel\\framework\\src\\Illuminate\\Routing\\Middleware\\SubstituteBindings.php(50): Illuminate\\Pipeline\\Pipeline->Illuminate\\Pipeline\\{closure}()
#16 C:\\PROJECT\\Php\\laravel-core\\vendor\\laravel\\framework\\src\\Illuminate\\Pipeline\\Pipeline.php(180): Illuminate\\Routing\\Middleware\\SubstituteBindings->handle()
#17 C:\\PROJECT\\Php\\laravel-core\\vendor\\laravel\\framework\\src\\Illuminate\\Foundation\\Http\\Middleware\\VerifyCsrfToken.php(78): Illuminate\\Pipeline\\Pipeline->Illuminate\\Pipeline\\{closure}()
#18 C:\\PROJECT\\Php\\laravel-core\\vendor\\laravel\\framework\\src\\Illuminate\\Pipeline\\Pipeline.php(180): Illuminate\\Foundation\\Http\\Middleware\\VerifyCsrfToken->handle()
#19 C:\\PROJECT\\Php\\laravel-core\\vendor\\laravel\\framework\\src\\Illuminate\\View\\Middleware\\ShareErrorsFromSession.php(49): Illuminate\\Pipeline\\Pipeline->Illuminate\\Pipeline\\{closure}()
#20 C:\\PROJECT\\Php\\laravel-core\\vendor\\laravel\\framework\\src\\Illuminate\\Pipeline\\Pipeline.php(180): Illuminate\\View\\Middleware\\ShareErrorsFromSession->handle()
#21 C:\\PROJECT\\Php\\laravel-core\\vendor\\laravel\\framework\\src\\Illuminate\\Session\\Middleware\\StartSession.php(121): Illuminate\\Pipeline\\Pipeline->Illuminate\\Pipeline\\{closure}()
#22 C:\\PROJECT\\Php\\laravel-core\\vendor\\laravel\\framework\\src\\Illuminate\\Session\\Middleware\\StartSession.php(64): Illuminate\\Session\\Middleware\\StartSession->handleStatefulRequest()
#23 C:\\PROJECT\\Php\\laravel-core\\vendor\\laravel\\framework\\src\\Illuminate\\Pipeline\\Pipeline.php(180): Illuminate\\Session\\Middleware\\StartSession->handle()
#24 C:\\PROJECT\\Php\\laravel-core\\vendor\\laravel\\framework\\src\\Illuminate\\Cookie\\Middleware\\AddQueuedCookiesToResponse.php(37): Illuminate\\Pipeline\\Pipeline->Illuminate\\Pipeline\\{closure}()
#25 C:\\PROJECT\\Php\\laravel-core\\vendor\\laravel\\framework\\src\\Illuminate\\Pipeline\\Pipeline.php(180): Illuminate\\Cookie\\Middleware\\AddQueuedCookiesToResponse->handle()
#26 C:\\PROJECT\\Php\\laravel-core\\vendor\\laravel\\framework\\src\\Illuminate\\Cookie\\Middleware\\EncryptCookies.php(67): Illuminate\\Pipeline\\Pipeline->Illuminate\\Pipeline\\{closure}()
#27 C:\\PROJECT\\Php\\laravel-core\\vendor\\laravel\\framework\\src\\Illuminate\\Pipeline\\Pipeline.php(180): Illuminate\\Cookie\\Middleware\\EncryptCookies->handle()
#28 C:\\PROJECT\\Php\\laravel-core\\vendor\\laravel\\framework\\src\\Illuminate\\Pipeline\\Pipeline.php(116): Illuminate\\Pipeline\\Pipeline->Illuminate\\Pipeline\\{closure}()
#29 C:\\PROJECT\\Php\\laravel-core\\vendor\\laravel\\framework\\src\\Illuminate\\Routing\\Router.php(726): Illuminate\\Pipeline\\Pipeline->then()
#30 C:\\PROJECT\\Php\\laravel-core\\vendor\\laravel\\framework\\src\\Illuminate\\Routing\\Router.php(705): Illuminate\\Routing\\Router->runRouteWithinStack()
#31 C:\\PROJECT\\Php\\laravel-core\\vendor\\laravel\\framework\\src\\Illuminate\\Routing\\Router.php(669): Illuminate\\Routing\\Router->runRoute()
#32 C:\\PROJECT\\Php\\laravel-core\\vendor\\laravel\\framework\\src\\Illuminate\\Routing\\Router.php(658): Illuminate\\Routing\\Router->dispatchToRoute()
#33 C:\\PROJECT\\Php\\laravel-core\\vendor\\laravel\\framework\\src\\Illuminate\\Foundation\\Http\\Kernel.php(190): Illuminate\\Routing\\Router->dispatch()
#34 C:\\PROJECT\\Php\\laravel-core\\vendor\\laravel\\framework\\src\\Illuminate\\Pipeline\\Pipeline.php(141): Illuminate\\Foundation\\Http\\Kernel->Illuminate\\Foundation\\Http\\{closure}()
#35 C:\\PROJECT\\Php\\laravel-core\\vendor\\laravel\\framework\\src\\Illuminate\\View\\Middleware\\ShareErrorsFromSession.php(49): Illuminate\\Pipeline\\Pipeline->Illuminate\\Pipeline\\{closure}()
#36 C:\\PROJECT\\Php\\laravel-core\\vendor\\laravel\\framework\\src\\Illuminate\\Pipeline\\Pipeline.php(180): Illuminate\\View\\Middleware\\ShareErrorsFromSession->handle()
#37 C:\\PROJECT\\Php\\laravel-core\\vendor\\laravel\\framework\\src\\Illuminate\\Session\\Middleware\\StartSession.php(121): Illuminate\\Pipeline\\Pipeline->Illuminate\\Pipeline\\{closure}()
#38 C:\\PROJECT\\Php\\laravel-core\\vendor\\laravel\\framework\\src\\Illuminate\\Session\\Middleware\\StartSession.php(64): Illuminate\\Session\\Middleware\\StartSession->handleStatefulRequest()
#39 C:\\PROJECT\\Php\\laravel-core\\vendor\\laravel\\framework\\src\\Illuminate\\Pipeline\\Pipeline.php(180): Illuminate\\Session\\Middleware\\StartSession->handle()
#40 C:\\PROJECT\\Php\\laravel-core\\vendor\\laravel\\framework\\src\\Illuminate\\Foundation\\Http\\Middleware\\TransformsRequest.php(21): Illuminate\\Pipeline\\Pipeline->Illuminate\\Pipeline\\{closure}()
#41 C:\\PROJECT\\Php\\laravel-core\\vendor\\laravel\\framework\\src\\Illuminate\\Foundation\\Http\\Middleware\\ConvertEmptyStringsToNull.php(31): Illuminate\\Foundation\\Http\\Middleware\\TransformsRequest->handle()
#42 C:\\PROJECT\\Php\\laravel-core\\vendor\\laravel\\framework\\src\\Illuminate\\Pipeline\\Pipeline.php(180): Illuminate\\Foundation\\Http\\Middleware\\ConvertEmptyStringsToNull->handle()
#43 C:\\PROJECT\\Php\\laravel-core\\vendor\\laravel\\framework\\src\\Illuminate\\Foundation\\Http\\Middleware\\TransformsRequest.php(21): Illuminate\\Pipeline\\Pipeline->Illuminate\\Pipeline\\{closure}()
#44 C:\\PROJECT\\Php\\laravel-core\\vendor\\laravel\\framework\\src\\Illuminate\\Foundation\\Http\\Middleware\\TrimStrings.php(40): Illuminate\\Foundation\\Http\\Middleware\\TransformsRequest->handle()
#45 C:\\PROJECT\\Php\\laravel-core\\vendor\\laravel\\framework\\src\\Illuminate\\Pipeline\\Pipeline.php(180): Illuminate\\Foundation\\Http\\Middleware\\TrimStrings->handle()
#46 C:\\PROJECT\\Php\\laravel-core\\vendor\\laravel\\framework\\src\\Illuminate\\Foundation\\Http\\Middleware\\ValidatePostSize.php(27): Illuminate\\Pipeline\\Pipeline->Illuminate\\Pipeline\\{closure}()
#47 C:\\PROJECT\\Php\\laravel-core\\vendor\\laravel\\framework\\src\\Illuminate\\Pipeline\\Pipeline.php(180): Illuminate\\Foundation\\Http\\Middleware\\ValidatePostSize->handle()
#48 C:\\PROJECT\\Php\\laravel-core\\vendor\\laravel\\framework\\src\\Illuminate\\Foundation\\Http\\Middleware\\PreventRequestsDuringMaintenance.php(86): Illuminate\\Pipeline\\Pipeline->Illuminate\\Pipeline\\{closure}()
#49 C:\\PROJECT\\Php\\laravel-core\\vendor\\laravel\\framework\\src\\Illuminate\\Pipeline\\Pipeline.php(180): Illuminate\\Foundation\\Http\\Middleware\\PreventRequestsDuringMaintenance->handle()
#50 C:\\PROJECT\\Php\\laravel-core\\vendor\\laravel\\framework\\src\\Illuminate\\Http\\Middleware\\HandleCors.php(49): Illuminate\\Pipeline\\Pipeline->Illuminate\\Pipeline\\{closure}()
#51 C:\\PROJECT\\Php\\laravel-core\\vendor\\laravel\\framework\\src\\Illuminate\\Pipeline\\Pipeline.php(180): Illuminate\\Http\\Middleware\\HandleCors->handle()
#52 C:\\PROJECT\\Php\\laravel-core\\vendor\\laravel\\framework\\src\\Illuminate\\Http\\Middleware\\TrustProxies.php(39): Illuminate\\Pipeline\\Pipeline->Illuminate\\Pipeline\\{closure}()
#53 C:\\PROJECT\\Php\\laravel-core\\vendor\\laravel\\framework\\src\\Illuminate\\Pipeline\\Pipeline.php(180): Illuminate\\Http\\Middleware\\TrustProxies->handle()
#54 C:\\PROJECT\\Php\\laravel-core\\vendor\\laravel\\framework\\src\\Illuminate\\Pipeline\\Pipeline.php(116): Illuminate\\Pipeline\\Pipeline->Illuminate\\Pipeline\\{closure}()
#55 C:\\PROJECT\\Php\\laravel-core\\vendor\\laravel\\framework\\src\\Illuminate\\Foundation\\Http\\Kernel.php(165): Illuminate\\Pipeline\\Pipeline->then()
#56 C:\\PROJECT\\Php\\laravel-core\\vendor\\laravel\\framework\\src\\Illuminate\\Foundation\\Http\\Kernel.php(134): Illuminate\\Foundation\\Http\\Kernel->sendRequestThroughRouter()
#57 C:\\PROJECT\\Php\\laravel-core\\public\\index.php(56): Illuminate\\Foundation\\Http\\Kernel->handle()
#58 C:\\PROJECT\\Php\\laravel-core\\vendor\\laravel\\framework\\src\\Illuminate\\Foundation\\resources\\server.php(16): require_once('...')
#59 {main}
"} 
[2026-07-28 09:20:14] production.ERROR: Undefined variable $host {"view":{"view":"C:\\PROJECT\\Php\\laravel-core\\resources\\views\\persuratan\\login.blade.php","data":[]},"exception":"[object] (Spatie\\LaravelIgnition\\Exceptions\\ViewException(code: 0): Undefined variable $host at C:\\PROJECT\\Php\\laravel-core\\storage\\framework\\views\\0d410fa521b4dc37c0dfa16620db9968ac7ecaaf.php:196)
[stacktrace]
#0 C:\\PROJECT\\Php\\laravel-core\\vendor\\laravel\\framework\\src\\Illuminate\\Foundation\\Bootstrap\\HandleExceptions.php(259): Illuminate\\Foundation\\Bootstrap\\HandleExceptions->handleError()
#1 C:\\PROJECT\\Php\\laravel-core\\storage\\framework\\views\\0d410fa521b4dc37c0dfa16620db9968ac7ecaaf.php(196): Illuminate\\Foundation\\Bootstrap\\HandleExceptions->Illuminate\\Foundation\\Bootstrap\\{closure}()
#2 C:\\PROJECT\\Php\\laravel-core\\vendor\\laravel\\framework\\src\\Illuminate\\Filesystem\\Filesystem.php(109): require('...')
#3 C:\\PROJECT\\Php\\laravel-core\\vendor\\laravel\\framework\\src\\Illuminate\\Filesystem\\Filesystem.php(110): Illuminate\\Filesystem\\Filesystem::Illuminate\\Filesystem\\{closure}()
#4 C:\\PROJECT\\Php\\laravel-core\\vendor\\laravel\\framework\\src\\Illuminate\\View\\Engines\\PhpEngine.php(58): Illuminate\\Filesystem\\Filesystem->getRequire()
#5 C:\\PROJECT\\Php\\laravel-core\\vendor\\laravel\\framework\\src\\Illuminate\\View\\Engines\\CompilerEngine.php(70): Illuminate\\View\\Engines\\PhpEngine->evaluatePath()
#6 C:\\PROJECT\\Php\\laravel-core\\vendor\\laravel\\framework\\src\\Illuminate\\View\\View.php(152): Illuminate\\View\\Engines\\CompilerEngine->get()
#7 C:\\PROJECT\\Php\\laravel-core\\vendor\\laravel\\framework\\src\\Illuminate\\View\\View.php(135): Illuminate\\View\\View->getContents()
#8 C:\\PROJECT\\Php\\laravel-core\\vendor\\laravel\\framework\\src\\Illuminate\\View\\View.php(104): Illuminate\\View\\View->renderContents()
#9 C:\\PROJECT\\Php\\laravel-core\\vendor\\laravel\\framework\\src\\Illuminate\\Http\\Response.php(69): Illuminate\\View\\View->render()
#10 C:\\PROJECT\\Php\\laravel-core\\vendor\\laravel\\framework\\src\\Illuminate\\Http\\Response.php(35): Illuminate\\Http\\Response->setContent()
#11 C:\\PROJECT\\Php\\laravel-core\\vendor\\laravel\\framework\\src\\Illuminate\\Routing\\Router.php(835): Illuminate\\Http\\Response->__construct()
#12 C:\\PROJECT\\Php\\laravel-core\\vendor\\laravel\\framework\\src\\Illuminate\\Routing\\Router.php(804): Illuminate\\Routing\\Router::toResponse()
#13 C:\\PROJECT\\Php\\laravel-core\\vendor\\laravel\\framework\\src\\Illuminate\\Routing\\Router.php(726): Illuminate\\Routing\\Router->prepareResponse()
#14 C:\\PROJECT\\Php\\laravel-core\\vendor\\laravel\\framework\\src\\Illuminate\\Pipeline\\Pipeline.php(141): Illuminate\\Routing\\Router->Illuminate\\Routing\\{closure}()
#15 C:\\PROJECT\\Php\\laravel-core\\vendor\\laravel\\framework\\src\\Illuminate\\Routing\\Middleware\\SubstituteBindings.php(50): Illuminate\\Pipeline\\Pipeline->Illuminate\\Pipeline\\{closure}()
#16 C:\\PROJECT\\Php\\laravel-core\\vendor\\laravel\\framework\\src\\Illuminate\\Pipeline\\Pipeline.php(180): Illuminate\\Routing\\Middleware\\SubstituteBindings->handle()
#17 C:\\PROJECT\\Php\\laravel-core\\vendor\\laravel\\framework\\src\\Illuminate\\Foundation\\Http\\Middleware\\VerifyCsrfToken.php(78): Illuminate\\Pipeline\\Pipeline->Illuminate\\Pipeline\\{closure}()
#18 C:\\PROJECT\\Php\\laravel-core\\vendor\\laravel\\framework\\src\\Illuminate\\Pipeline\\Pipeline.php(180): Illuminate\\Foundation\\Http\\Middleware\\VerifyCsrfToken->handle()
#19 C:\\PROJECT\\Php\\laravel-core\\vendor\\laravel\\framework\\src\\Illuminate\\View\\Middleware\\ShareErrorsFromSession.php(49): Illuminate\\Pipeline\\Pipeline->Illuminate\\Pipeline\\{closure}()
#20 C:\\PROJECT\\Php\\laravel-core\\vendor\\laravel\\framework\\src\\Illuminate\\Pipeline\\Pipeline.php(180): Illuminate\\View\\Middleware\\ShareErrorsFromSession->handle()
#21 C:\\PROJECT\\Php\\laravel-core\\vendor\\laravel\\framework\\src\\Illuminate\\Session\\Middleware\\StartSession.php(121): Illuminate\\Pipeline\\Pipeline->Illuminate\\Pipeline\\{closure}()
#22 C:\\PROJECT\\Php\\laravel-core\\vendor\\laravel\\framework\\src\\Illuminate\\Session\\Middleware\\StartSession.php(64): Illuminate\\Session\\Middleware\\StartSession->handleStatefulRequest()
#23 C:\\PROJECT\\Php\\laravel-core\\vendor\\laravel\\framework\\src\\Illuminate\\Pipeline\\Pipeline.php(180): Illuminate\\Session\\Middleware\\StartSession->handle()
#24 C:\\PROJECT\\Php\\laravel-core\\vendor\\laravel\\framework\\src\\Illuminate\\Cookie\\Middleware\\AddQueuedCookiesToResponse.php(37): Illuminate\\Pipeline\\Pipeline->Illuminate\\Pipeline\\{closure}()
#25 C:\\PROJECT\\Php\\laravel-core\\vendor\\laravel\\framework\\src\\Illuminate\\Pipeline\\Pipeline.php(180): Illuminate\\Cookie\\Middleware\\AddQueuedCookiesToResponse->handle()
#26 C:\\PROJECT\\Php\\laravel-core\\vendor\\laravel\\framework\\src\\Illuminate\\Cookie\\Middleware\\EncryptCookies.php(67): Illuminate\\Pipeline\\Pipeline->Illuminate\\Pipeline\\{closure}()
#27 C:\\PROJECT\\Php\\laravel-core\\vendor\\laravel\\framework\\src\\Illuminate\\Pipeline\\Pipeline.php(180): Illuminate\\Cookie\\Middleware\\EncryptCookies->handle()
#28 C:\\PROJECT\\Php\\laravel-core\\vendor\\laravel\\framework\\src\\Illuminate\\Pipeline\\Pipeline.php(116): Illuminate\\Pipeline\\Pipeline->Illuminate\\Pipeline\\{closure}()
#29 C:\\PROJECT\\Php\\laravel-core\\vendor\\laravel\\framework\\src\\Illuminate\\Routing\\Router.php(726): Illuminate\\Pipeline\\Pipeline->then()
#30 C:\\PROJECT\\Php\\laravel-core\\vendor\\laravel\\framework\\src\\Illuminate\\Routing\\Router.php(705): Illuminate\\Routing\\Router->runRouteWithinStack()
#31 C:\\PROJECT\\Php\\laravel-core\\vendor\\laravel\\framework\\src\\Illuminate\\Routing\\Router.php(669): Illuminate\\Routing\\Router->runRoute()
#32 C:\\PROJECT\\Php\\laravel-core\\vendor\\laravel\\framework\\src\\Illuminate\\Routing\\Router.php(658): Illuminate\\Routing\\Router->dispatchToRoute()
#33 C:\\PROJECT\\Php\\laravel-core\\vendor\\laravel\\framework\\src\\Illuminate\\Foundation\\Http\\Kernel.php(190): Illuminate\\Routing\\Router->dispatch()
#34 C:\\PROJECT\\Php\\laravel-core\\vendor\\laravel\\framework\\src\\Illuminate\\Pipeline\\Pipeline.php(141): Illuminate\\Foundation\\Http\\Kernel->Illuminate\\Foundation\\Http\\{closure}()
#35 C:\\PROJECT\\Php\\laravel-core\\vendor\\laravel\\framework\\src\\Illuminate\\View\\Middleware\\ShareErrorsFromSession.php(49): Illuminate\\Pipeline\\Pipeline->Illuminate\\Pipeline\\{closure}()
#36 C:\\PROJECT\\Php\\laravel-core\\vendor\\laravel\\framework\\src\\Illuminate\\Pipeline\\Pipeline.php(180): Illuminate\\View\\Middleware\\ShareErrorsFromSession->handle()
#37 C:\\PROJECT\\Php\\laravel-core\\vendor\\laravel\\framework\\src\\Illuminate\\Session\\Middleware\\StartSession.php(121): Illuminate\\Pipeline\\Pipeline->Illuminate\\Pipeline\\{closure}()
#38 C:\\PROJECT\\Php\\laravel-core\\vendor\\laravel\\framework\\src\\Illuminate\\Session\\Middleware\\StartSession.php(64): Illuminate\\Session\\Middleware\\StartSession->handleStatefulRequest()
#39 C:\\PROJECT\\Php\\laravel-core\\vendor\\laravel\\framework\\src\\Illuminate\\Pipeline\\Pipeline.php(180): Illuminate\\Session\\Middleware\\StartSession->handle()
#40 C:\\PROJECT\\Php\\laravel-core\\vendor\\laravel\\framework\\src\\Illuminate\\Foundation\\Http\\Middleware\\TransformsRequest.php(21): Illuminate\\Pipeline\\Pipeline->Illuminate\\Pipeline\\{closure}()
#41 C:\\PROJECT\\Php\\laravel-core\\vendor\\laravel\\framework\\src\\Illuminate\\Foundation\\Http\\Middleware\\ConvertEmptyStringsToNull.php(31): Illuminate\\Foundation\\Http\\Middleware\\TransformsRequest->handle()
#42 C:\\PROJECT\\Php\\laravel-core\\vendor\\laravel\\framework\\src\\Illuminate\\Pipeline\\Pipeline.php(180): Illuminate\\Foundation\\Http\\Middleware\\ConvertEmptyStringsToNull->handle()
#43 C:\\PROJECT\\Php\\laravel-core\\vendor\\laravel\\framework\\src\\Illuminate\\Foundation\\Http\\Middleware\\TransformsRequest.php(21): Illuminate\\Pipeline\\Pipeline->Illuminate\\Pipeline\\{closure}()
#44 C:\\PROJECT\\Php\\laravel-core\\vendor\\laravel\\framework\\src\\Illuminate\\Foundation\\Http\\Middleware\\TrimStrings.php(40): Illuminate\\Foundation\\Http\\Middleware\\TransformsRequest->handle()
#45 C:\\PROJECT\\Php\\laravel-core\\vendor\\laravel\\framework\\src\\Illuminate\\Pipeline\\Pipeline.php(180): Illuminate\\Foundation\\Http\\Middleware\\TrimStrings->handle()
#46 C:\\PROJECT\\Php\\laravel-core\\vendor\\laravel\\framework\\src\\Illuminate\\Foundation\\Http\\Middleware\\ValidatePostSize.php(27): Illuminate\\Pipeline\\Pipeline->Illuminate\\Pipeline\\{closure}()
#47 C:\\PROJECT\\Php\\laravel-core\\vendor\\laravel\\framework\\src\\Illuminate\\Pipeline\\Pipeline.php(180): Illuminate\\Foundation\\Http\\Middleware\\ValidatePostSize->handle()
#48 C:\\PROJECT\\Php\\laravel-core\\vendor\\laravel\\framework\\src\\Illuminate\\Foundation\\Http\\Middleware\\PreventRequestsDuringMaintenance.php(86): Illuminate\\Pipeline\\Pipeline->Illuminate\\Pipeline\\{closure}()
#49 C:\\PROJECT\\Php\\laravel-core\\vendor\\laravel\\framework\\src\\Illuminate\\Pipeline\\Pipeline.php(180): Illuminate\\Foundation\\Http\\Middleware\\PreventRequestsDuringMaintenance->handle()
#50 C:\\PROJECT\\Php\\laravel-core\\vendor\\laravel\\framework\\src\\Illuminate\\Http\\Middleware\\HandleCors.php(49): Illuminate\\Pipeline\\Pipeline->Illuminate\\Pipeline\\{closure}()
#51 C:\\PROJECT\\Php\\laravel-core\\vendor\\laravel\\framework\\src\\Illuminate\\Pipeline\\Pipeline.php(180): Illuminate\\Http\\Middleware\\HandleCors->handle()
#52 C:\\PROJECT\\Php\\laravel-core\\vendor\\laravel\\framework\\src\\Illuminate\\Http\\Middleware\\TrustProxies.php(39): Illuminate\\Pipeline\\Pipeline->Illuminate\\Pipeline\\{closure}()
#53 C:\\PROJECT\\Php\\laravel-core\\vendor\\laravel\\framework\\src\\Illuminate\\Pipeline\\Pipeline.php(180): Illuminate\\Http\\Middleware\\TrustProxies->handle()
#54 C:\\PROJECT\\Php\\laravel-core\\vendor\\laravel\\framework\\src\\Illuminate\\Pipeline\\Pipeline.php(116): Illuminate\\Pipeline\\Pipeline->Illuminate\\Pipeline\\{closure}()
#55 C:\\PROJECT\\Php\\laravel-core\\vendor\\laravel\\framework\\src\\Illuminate\\Foundation\\Http\\Kernel.php(165): Illuminate\\Pipeline\\Pipeline->then()
#56 C:\\PROJECT\\Php\\laravel-core\\vendor\\laravel\\framework\\src\\Illuminate\\Foundation\\Http\\Kernel.php(134): Illuminate\\Foundation\\Http\\Kernel->sendRequestThroughRouter()
#57 C:\\PROJECT\\Php\\laravel-core\\public\\index.php(56): Illuminate\\Foundation\\Http\\Kernel->handle()
#58 C:\\PROJECT\\Php\\laravel-core\\vendor\\laravel\\framework\\src\\Illuminate\\Foundation\\resources\\server.php(16): require_once('...')
#59 {main}

[previous exception] [object] (ErrorException(code: 0): Undefined variable $host at C:\\PROJECT\\Php\\laravel-core\\storage\\framework\\views\\0d410fa521b4dc37c0dfa16620db9968ac7ecaaf.php:196)
[stacktrace]
#0 C:\\PROJECT\\Php\\laravel-core\\vendor\\laravel\\framework\\src\\Illuminate\\Foundation\\Bootstrap\\HandleExceptions.php(259): Illuminate\\Foundation\\Bootstrap\\HandleExceptions->handleError()
#1 C:\\PROJECT\\Php\\laravel-core\\storage\\framework\\views\\0d410fa521b4dc37c0dfa16620db9968ac7ecaaf.php(196): Illuminate\\Foundation\\Bootstrap\\HandleExceptions->Illuminate\\Foundation\\Bootstrap\\{closure}()
#2 C:\\PROJECT\\Php\\laravel-core\\vendor\\laravel\\framework\\src\\Illuminate\\Filesystem\\Filesystem.php(109): require('...')
#3 C:\\PROJECT\\Php\\laravel-core\\vendor\\laravel\\framework\\src\\Illuminate\\Filesystem\\Filesystem.php(110): Illuminate\\Filesystem\\Filesystem::Illuminate\\Filesystem\\{closure}()
#4 C:\\PROJECT\\Php\\laravel-core\\vendor\\laravel\\framework\\src\\Illuminate\\View\\Engines\\PhpEngine.php(58): Illuminate\\Filesystem\\Filesystem->getRequire()
#5 C:\\PROJECT\\Php\\laravel-core\\vendor\\laravel\\framework\\src\\Illuminate\\View\\Engines\\CompilerEngine.php(70): Illuminate\\View\\Engines\\PhpEngine->evaluatePath()
#6 C:\\PROJECT\\Php\\laravel-core\\vendor\\laravel\\framework\\src\\Illuminate\\View\\View.php(152): Illuminate\\View\\Engines\\CompilerEngine->get()
#7 C:\\PROJECT\\Php\\laravel-core\\vendor\\laravel\\framework\\src\\Illuminate\\View\\View.php(135): Illuminate\\View\\View->getContents()
#8 C:\\PROJECT\\Php\\laravel-core\\vendor\\laravel\\framework\\src\\Illuminate\\View\\View.php(104): Illuminate\\View\\View->renderContents()
#9 C:\\PROJECT\\Php\\laravel-core\\vendor\\laravel\\framework\\src\\Illuminate\\Http\\Response.php(69): Illuminate\\View\\View->render()
#10 C:\\PROJECT\\Php\\laravel-core\\vendor\\laravel\\framework\\src\\Illuminate\\Http\\Response.php(35): Illuminate\\Http\\Response->setContent()
#11 C:\\PROJECT\\Php\\laravel-core\\vendor\\laravel\\framework\\src\\Illuminate\\Routing\\Router.php(835): Illuminate\\Http\\Response->__construct()
#12 C:\\PROJECT\\Php\\laravel-core\\vendor\\laravel\\framework\\src\\Illuminate\\Routing\\Router.php(804): Illuminate\\Routing\\Router::toResponse()
#13 C:\\PROJECT\\Php\\laravel-core\\vendor\\laravel\\framework\\src\\Illuminate\\Routing\\Router.php(726): Illuminate\\Routing\\Router->prepareResponse()
#14 C:\\PROJECT\\Php\\laravel-core\\vendor\\laravel\\framework\\src\\Illuminate\\Pipeline\\Pipeline.php(141): Illuminate\\Routing\\Router->Illuminate\\Routing\\{closure}()
#15 C:\\PROJECT\\Php\\laravel-core\\vendor\\laravel\\framework\\src\\Illuminate\\Routing\\Middleware\\SubstituteBindings.php(50): Illuminate\\Pipeline\\Pipeline->Illuminate\\Pipeline\\{closure}()
#16 C:\\PROJECT\\Php\\laravel-core\\vendor\\laravel\\framework\\src\\Illuminate\\Pipeline\\Pipeline.php(180): Illuminate\\Routing\\Middleware\\SubstituteBindings->handle()
#17 C:\\PROJECT\\Php\\laravel-core\\vendor\\laravel\\framework\\src\\Illuminate\\Foundation\\Http\\Middleware\\VerifyCsrfToken.php(78): Illuminate\\Pipeline\\Pipeline->Illuminate\\Pipeline\\{closure}()
#18 C:\\PROJECT\\Php\\laravel-core\\vendor\\laravel\\framework\\src\\Illuminate\\Pipeline\\Pipeline.php(180): Illuminate\\Foundation\\Http\\Middleware\\VerifyCsrfToken->handle()
#19 C:\\PROJECT\\Php\\laravel-core\\vendor\\laravel\\framework\\src\\Illuminate\\View\\Middleware\\ShareErrorsFromSession.php(49): Illuminate\\Pipeline\\Pipeline->Illuminate\\Pipeline\\{closure}()
#20 C:\\PROJECT\\Php\\laravel-core\\vendor\\laravel\\framework\\src\\Illuminate\\Pipeline\\Pipeline.php(180): Illuminate\\View\\Middleware\\ShareErrorsFromSession->handle()
#21 C:\\PROJECT\\Php\\laravel-core\\vendor\\laravel\\framework\\src\\Illuminate\\Session\\Middleware\\StartSession.php(121): Illuminate\\Pipeline\\Pipeline->Illuminate\\Pipeline\\{closure}()
#22 C:\\PROJECT\\Php\\laravel-core\\vendor\\laravel\\framework\\src\\Illuminate\\Session\\Middleware\\StartSession.php(64): Illuminate\\Session\\Middleware\\StartSession->handleStatefulRequest()
#23 C:\\PROJECT\\Php\\laravel-core\\vendor\\laravel\\framework\\src\\Illuminate\\Pipeline\\Pipeline.php(180): Illuminate\\Session\\Middleware\\StartSession->handle()
#24 C:\\PROJECT\\Php\\laravel-core\\vendor\\laravel\\framework\\src\\Illuminate\\Cookie\\Middleware\\AddQueuedCookiesToResponse.php(37): Illuminate\\Pipeline\\Pipeline->Illuminate\\Pipeline\\{closure}()
#25 C:\\PROJECT\\Php\\laravel-core\\vendor\\laravel\\framework\\src\\Illuminate\\Pipeline\\Pipeline.php(180): Illuminate\\Cookie\\Middleware\\AddQueuedCookiesToResponse->handle()
#26 C:\\PROJECT\\Php\\laravel-core\\vendor\\laravel\\framework\\src\\Illuminate\\Cookie\\Middleware\\EncryptCookies.php(67): Illuminate\\Pipeline\\Pipeline->Illuminate\\Pipeline\\{closure}()
#27 C:\\PROJECT\\Php\\laravel-core\\vendor\\laravel\\framework\\src\\Illuminate\\Pipeline\\Pipeline.php(180): Illuminate\\Cookie\\Middleware\\EncryptCookies->handle()
#28 C:\\PROJECT\\Php\\laravel-core\\vendor\\laravel\\framework\\src\\Illuminate\\Pipeline\\Pipeline.php(116): Illuminate\\Pipeline\\Pipeline->Illuminate\\Pipeline\\{closure}()
#29 C:\\PROJECT\\Php\\laravel-core\\vendor\\laravel\\framework\\src\\Illuminate\\Routing\\Router.php(726): Illuminate\\Pipeline\\Pipeline->then()
#30 C:\\PROJECT\\Php\\laravel-core\\vendor\\laravel\\framework\\src\\Illuminate\\Routing\\Router.php(705): Illuminate\\Routing\\Router->runRouteWithinStack()
#31 C:\\PROJECT\\Php\\laravel-core\\vendor\\laravel\\framework\\src\\Illuminate\\Routing\\Router.php(669): Illuminate\\Routing\\Router->runRoute()
#32 C:\\PROJECT\\Php\\laravel-core\\vendor\\laravel\\framework\\src\\Illuminate\\Routing\\Router.php(658): Illuminate\\Routing\\Router->dispatchToRoute()
#33 C:\\PROJECT\\Php\\laravel-core\\vendor\\laravel\\framework\\src\\Illuminate\\Foundation\\Http\\Kernel.php(190): Illuminate\\Routing\\Router->dispatch()
#34 C:\\PROJECT\\Php\\laravel-core\\vendor\\laravel\\framework\\src\\Illuminate\\Pipeline\\Pipeline.php(141): Illuminate\\Foundation\\Http\\Kernel->Illuminate\\Foundation\\Http\\{closure}()
#35 C:\\PROJECT\\Php\\laravel-core\\vendor\\laravel\\framework\\src\\Illuminate\\View\\Middleware\\ShareErrorsFromSession.php(49): Illuminate\\Pipeline\\Pipeline->Illuminate\\Pipeline\\{closure}()
#36 C:\\PROJECT\\Php\\laravel-core\\vendor\\laravel\\framework\\src\\Illuminate\\Pipeline\\Pipeline.php(180): Illuminate\\View\\Middleware\\ShareErrorsFromSession->handle()
#37 C:\\PROJECT\\Php\\laravel-core\\vendor\\laravel\\framework\\src\\Illuminate\\Session\\Middleware\\StartSession.php(121): Illuminate\\Pipeline\\Pipeline->Illuminate\\Pipeline\\{closure}()
#38 C:\\PROJECT\\Php\\laravel-core\\vendor\\laravel\\framework\\src\\Illuminate\\Session\\Middleware\\StartSession.php(64): Illuminate\\Session\\Middleware\\StartSession->handleStatefulRequest()
#39 C:\\PROJECT\\Php\\laravel-core\\vendor\\laravel\\framework\\src\\Illuminate\\Pipeline\\Pipeline.php(180): Illuminate\\Session\\Middleware\\StartSession->handle()
#40 C:\\PROJECT\\Php\\laravel-core\\vendor\\laravel\\framework\\src\\Illuminate\\Foundation\\Http\\Middleware\\TransformsRequest.php(21): Illuminate\\Pipeline\\Pipeline->Illuminate\\Pipeline\\{closure}()
#41 C:\\PROJECT\\Php\\laravel-core\\vendor\\laravel\\framework\\src\\Illuminate\\Foundation\\Http\\Middleware\\ConvertEmptyStringsToNull.php(31): Illuminate\\Foundation\\Http\\Middleware\\TransformsRequest->handle()
#42 C:\\PROJECT\\Php\\laravel-core\\vendor\\laravel\\framework\\src\\Illuminate\\Pipeline\\Pipeline.php(180): Illuminate\\Foundation\\Http\\Middleware\\ConvertEmptyStringsToNull->handle()
#43 C:\\PROJECT\\Php\\laravel-core\\vendor\\laravel\\framework\\src\\Illuminate\\Foundation\\Http\\Middleware\\TransformsRequest.php(21): Illuminate\\Pipeline\\Pipeline->Illuminate\\Pipeline\\{closure}()
#44 C:\\PROJECT\\Php\\laravel-core\\vendor\\laravel\\framework\\src\\Illuminate\\Foundation\\Http\\Middleware\\TrimStrings.php(40): Illuminate\\Foundation\\Http\\Middleware\\TransformsRequest->handle()
#45 C:\\PROJECT\\Php\\laravel-core\\vendor\\laravel\\framework\\src\\Illuminate\\Pipeline\\Pipeline.php(180): Illuminate\\Foundation\\Http\\Middleware\\TrimStrings->handle()
#46 C:\\PROJECT\\Php\\laravel-core\\vendor\\laravel\\framework\\src\\Illuminate\\Foundation\\Http\\Middleware\\ValidatePostSize.php(27): Illuminate\\Pipeline\\Pipeline->Illuminate\\Pipeline\\{closure}()
#47 C:\\PROJECT\\Php\\laravel-core\\vendor\\laravel\\framework\\src\\Illuminate\\Pipeline\\Pipeline.php(180): Illuminate\\Foundation\\Http\\Middleware\\ValidatePostSize->handle()
#48 C:\\PROJECT\\Php\\laravel-core\\vendor\\laravel\\framework\\src\\Illuminate\\Foundation\\Http\\Middleware\\PreventRequestsDuringMaintenance.php(86): Illuminate\\Pipeline\\Pipeline->Illuminate\\Pipeline\\{closure}()
#49 C:\\PROJECT\\Php\\laravel-core\\vendor\\laravel\\framework\\src\\Illuminate\\Pipeline\\Pipeline.php(180): Illuminate\\Foundation\\Http\\Middleware\\PreventRequestsDuringMaintenance->handle()
#50 C:\\PROJECT\\Php\\laravel-core\\vendor\\laravel\\framework\\src\\Illuminate\\Http\\Middleware\\HandleCors.php(49): Illuminate\\Pipeline\\Pipeline->Illuminate\\Pipeline\\{closure}()
#51 C:\\PROJECT\\Php\\laravel-core\\vendor\\laravel\\framework\\src\\Illuminate\\Pipeline\\Pipeline.php(180): Illuminate\\Http\\Middleware\\HandleCors->handle()
#52 C:\\PROJECT\\Php\\laravel-core\\vendor\\laravel\\framework\\src\\Illuminate\\Http\\Middleware\\TrustProxies.php(39): Illuminate\\Pipeline\\Pipeline->Illuminate\\Pipeline\\{closure}()
#53 C:\\PROJECT\\Php\\laravel-core\\vendor\\laravel\\framework\\src\\Illuminate\\Pipeline\\Pipeline.php(180): Illuminate\\Http\\Middleware\\TrustProxies->handle()
#54 C:\\PROJECT\\Php\\laravel-core\\vendor\\laravel\\framework\\src\\Illuminate\\Pipeline\\Pipeline.php(116): Illuminate\\Pipeline\\Pipeline->Illuminate\\Pipeline\\{closure}()
#55 C:\\PROJECT\\Php\\laravel-core\\vendor\\laravel\\framework\\src\\Illuminate\\Foundation\\Http\\Kernel.php(165): Illuminate\\Pipeline\\Pipeline->then()
#56 C:\\PROJECT\\Php\\laravel-core\\vendor\\laravel\\framework\\src\\Illuminate\\Foundation\\Http\\Kernel.php(134): Illuminate\\Foundation\\Http\\Kernel->sendRequestThroughRouter()
#57 C:\\PROJECT\\Php\\laravel-core\\public\\index.php(56): Illuminate\\Foundation\\Http\\Kernel->handle()
#58 C:\\PROJECT\\Php\\laravel-core\\vendor\\laravel\\framework\\src\\Illuminate\\Foundation\\resources\\server.php(16): require_once('...')
#59 {main}
"} 
[2026-07-28 09:34:56] production.ERROR: include(C:\PROJECT\Php\laravel-core\vendor\composer/../../app/Sekolah.php): Failed to open stream: No such file or directory {"exception":"[object] (ErrorException(code: 0): include(C:\\PROJECT\\Php\\laravel-core\\vendor\\composer/../../app/Sekolah.php): Failed to open stream: No such file or directory at C:\\PROJECT\\Php\\laravel-core\\vendor\\composer\\ClassLoader.php:576)
[stacktrace]
#0 C:\\PROJECT\\Php\\laravel-core\\vendor\\laravel\\framework\\src\\Illuminate\\Foundation\\Bootstrap\\HandleExceptions.php(259): Illuminate\\Foundation\\Bootstrap\\HandleExceptions->handleError()
#1 C:\\PROJECT\\Php\\laravel-core\\vendor\\composer\\ClassLoader.php(576): Illuminate\\Foundation\\Bootstrap\\HandleExceptions->Illuminate\\Foundation\\Bootstrap\\{closure}()
#2 C:\\PROJECT\\Php\\laravel-core\\vendor\\composer\\ClassLoader.php(576): include('...')
#3 C:\\PROJECT\\Php\\laravel-core\\vendor\\composer\\ClassLoader.php(427): Composer\\Autoload\\{closure}()
#4 C:\\PROJECT\\Php\\laravel-core\\app\\Http\\Controllers\\AuthController.php(341): Composer\\Autoload\\ClassLoader->loadClass()
#5 C:\\PROJECT\\Php\\laravel-core\\vendor\\laravel\\framework\\src\\Illuminate\\Routing\\Controller.php(54): App\\Http\\Controllers\\AuthController->viewAuth()
#6 C:\\PROJECT\\Php\\laravel-core\\vendor\\laravel\\framework\\src\\Illuminate\\Routing\\ControllerDispatcher.php(43): Illuminate\\Routing\\Controller->callAction()
#7 C:\\PROJECT\\Php\\laravel-core\\vendor\\laravel\\framework\\src\\Illuminate\\Routing\\Route.php(259): Illuminate\\Routing\\ControllerDispatcher->dispatch()
#8 C:\\PROJECT\\Php\\laravel-core\\vendor\\laravel\\framework\\src\\Illuminate\\Routing\\Route.php(205): Illuminate\\Routing\\Route->runController()
#9 C:\\PROJECT\\Php\\laravel-core\\vendor\\laravel\\framework\\src\\Illuminate\\Routing\\Router.php(727): Illuminate\\Routing\\Route->run()
#10 C:\\PROJECT\\Php\\laravel-core\\vendor\\laravel\\framework\\src\\Illuminate\\Pipeline\\Pipeline.php(141): Illuminate\\Routing\\Router->Illuminate\\Routing\\{closure}()
#11 C:\\PROJECT\\Php\\laravel-core\\vendor\\laravel\\framework\\src\\Illuminate\\Routing\\Middleware\\SubstituteBindings.php(50): Illuminate\\Pipeline\\Pipeline->Illuminate\\Pipeline\\{closure}()
#12 C:\\PROJECT\\Php\\laravel-core\\vendor\\laravel\\framework\\src\\Illuminate\\Pipeline\\Pipeline.php(180): Illuminate\\Routing\\Middleware\\SubstituteBindings->handle()
#13 C:\\PROJECT\\Php\\laravel-core\\vendor\\laravel\\framework\\src\\Illuminate\\Foundation\\Http\\Middleware\\VerifyCsrfToken.php(78): Illuminate\\Pipeline\\Pipeline->Illuminate\\Pipeline\\{closure}()
#14 C:\\PROJECT\\Php\\laravel-core\\vendor\\laravel\\framework\\src\\Illuminate\\Pipeline\\Pipeline.php(180): Illuminate\\Foundation\\Http\\Middleware\\VerifyCsrfToken->handle()
#15 C:\\PROJECT\\Php\\laravel-core\\vendor\\laravel\\framework\\src\\Illuminate\\View\\Middleware\\ShareErrorsFromSession.php(49): Illuminate\\Pipeline\\Pipeline->Illuminate\\Pipeline\\{closure}()
#16 C:\\PROJECT\\Php\\laravel-core\\vendor\\laravel\\framework\\src\\Illuminate\\Pipeline\\Pipeline.php(180): Illuminate\\View\\Middleware\\ShareErrorsFromSession->handle()
#17 C:\\PROJECT\\Php\\laravel-core\\vendor\\laravel\\framework\\src\\Illuminate\\Session\\Middleware\\StartSession.php(121): Illuminate\\Pipeline\\Pipeline->Illuminate\\Pipeline\\{closure}()
#18 C:\\PROJECT\\Php\\laravel-core\\vendor\\laravel\\framework\\src\\Illuminate\\Session\\Middleware\\StartSession.php(64): Illuminate\\Session\\Middleware\\StartSession->handleStatefulRequest()
#19 C:\\PROJECT\\Php\\laravel-core\\vendor\\laravel\\framework\\src\\Illuminate\\Pipeline\\Pipeline.php(180): Illuminate\\Session\\Middleware\\StartSession->handle()
#20 C:\\PROJECT\\Php\\laravel-core\\vendor\\laravel\\framework\\src\\Illuminate\\Cookie\\Middleware\\AddQueuedCookiesToResponse.php(37): Illuminate\\Pipeline\\Pipeline->Illuminate\\Pipeline\\{closure}()
#21 C:\\PROJECT\\Php\\laravel-core\\vendor\\laravel\\framework\\src\\Illuminate\\Pipeline\\Pipeline.php(180): Illuminate\\Cookie\\Middleware\\AddQueuedCookiesToResponse->handle()
#22 C:\\PROJECT\\Php\\laravel-core\\vendor\\laravel\\framework\\src\\Illuminate\\Cookie\\Middleware\\EncryptCookies.php(67): Illuminate\\Pipeline\\Pipeline->Illuminate\\Pipeline\\{closure}()
#23 C:\\PROJECT\\Php\\laravel-core\\vendor\\laravel\\framework\\src\\Illuminate\\Pipeline\\Pipeline.php(180): Illuminate\\Cookie\\Middleware\\EncryptCookies->handle()
#24 C:\\PROJECT\\Php\\laravel-core\\vendor\\laravel\\framework\\src\\Illuminate\\Pipeline\\Pipeline.php(116): Illuminate\\Pipeline\\Pipeline->Illuminate\\Pipeline\\{closure}()
#25 C:\\PROJECT\\Php\\laravel-core\\vendor\\laravel\\framework\\src\\Illuminate\\Routing\\Router.php(726): Illuminate\\Pipeline\\Pipeline->then()
#26 C:\\PROJECT\\Php\\laravel-core\\vendor\\laravel\\framework\\src\\Illuminate\\Routing\\Router.php(705): Illuminate\\Routing\\Router->runRouteWithinStack()
#27 C:\\PROJECT\\Php\\laravel-core\\vendor\\laravel\\framework\\src\\Illuminate\\Routing\\Router.php(669): Illuminate\\Routing\\Router->runRoute()
#28 C:\\PROJECT\\Php\\laravel-core\\vendor\\laravel\\framework\\src\\Illuminate\\Routing\\Router.php(658): Illuminate\\Routing\\Router->dispatchToRoute()
#29 C:\\PROJECT\\Php\\laravel-core\\vendor\\laravel\\framework\\src\\Illuminate\\Foundation\\Http\\Kernel.php(190): Illuminate\\Routing\\Router->dispatch()
#30 C:\\PROJECT\\Php\\laravel-core\\vendor\\laravel\\framework\\src\\Illuminate\\Pipeline\\Pipeline.php(141): Illuminate\\Foundation\\Http\\Kernel->Illuminate\\Foundation\\Http\\{closure}()
#31 C:\\PROJECT\\Php\\laravel-core\\vendor\\laravel\\framework\\src\\Illuminate\\View\\Middleware\\ShareErrorsFromSession.php(49): Illuminate\\Pipeline\\Pipeline->Illuminate\\Pipeline\\{closure}()
#32 C:\\PROJECT\\Php\\laravel-core\\vendor\\laravel\\framework\\src\\Illuminate\\Pipeline\\Pipeline.php(180): Illuminate\\View\\Middleware\\ShareErrorsFromSession->handle()
#33 C:\\PROJECT\\Php\\laravel-core\\vendor\\laravel\\framework\\src\\Illuminate\\Session\\Middleware\\StartSession.php(121): Illuminate\\Pipeline\\Pipeline->Illuminate\\Pipeline\\{closure}()
#34 C:\\PROJECT\\Php\\laravel-core\\vendor\\laravel\\framework\\src\\Illuminate\\Session\\Middleware\\StartSession.php(64): Illuminate\\Session\\Middleware\\StartSession->handleStatefulRequest()
#35 C:\\PROJECT\\Php\\laravel-core\\vendor\\laravel\\framework\\src\\Illuminate\\Pipeline\\Pipeline.php(180): Illuminate\\Session\\Middleware\\StartSession->handle()
#36 C:\\PROJECT\\Php\\laravel-core\\vendor\\laravel\\framework\\src\\Illuminate\\Foundation\\Http\\Middleware\\TransformsRequest.php(21): Illuminate\\Pipeline\\Pipeline->Illuminate\\Pipeline\\{closure}()
#37 C:\\PROJECT\\Php\\laravel-core\\vendor\\laravel\\framework\\src\\Illuminate\\Foundation\\Http\\Middleware\\ConvertEmptyStringsToNull.php(31): Illuminate\\Foundation\\Http\\Middleware\\TransformsRequest->handle()
#38 C:\\PROJECT\\Php\\laravel-core\\vendor\\laravel\\framework\\src\\Illuminate\\Pipeline\\Pipeline.php(180): Illuminate\\Foundation\\Http\\Middleware\\ConvertEmptyStringsToNull->handle()
#39 C:\\PROJECT\\Php\\laravel-core\\vendor\\laravel\\framework\\src\\Illuminate\\Foundation\\Http\\Middleware\\TransformsRequest.php(21): Illuminate\\Pipeline\\Pipeline->Illuminate\\Pipeline\\{closure}()
#40 C:\\PROJECT\\Php\\laravel-core\\vendor\\laravel\\framework\\src\\Illuminate\\Foundation\\Http\\Middleware\\TrimStrings.php(40): Illuminate\\Foundation\\Http\\Middleware\\TransformsRequest->handle()
#41 C:\\PROJECT\\Php\\laravel-core\\vendor\\laravel\\framework\\src\\Illuminate\\Pipeline\\Pipeline.php(180): Illuminate\\Foundation\\Http\\Middleware\\TrimStrings->handle()
#42 C:\\PROJECT\\Php\\laravel-core\\vendor\\laravel\\framework\\src\\Illuminate\\Foundation\\Http\\Middleware\\ValidatePostSize.php(27): Illuminate\\Pipeline\\Pipeline->Illuminate\\Pipeline\\{closure}()
#43 C:\\PROJECT\\Php\\laravel-core\\vendor\\laravel\\framework\\src\\Illuminate\\Pipeline\\Pipeline.php(180): Illuminate\\Foundation\\Http\\Middleware\\ValidatePostSize->handle()
#44 C:\\PROJECT\\Php\\laravel-core\\vendor\\laravel\\framework\\src\\Illuminate\\Foundation\\Http\\Middleware\\PreventRequestsDuringMaintenance.php(86): Illuminate\\Pipeline\\Pipeline->Illuminate\\Pipeline\\{closure}()
#45 C:\\PROJECT\\Php\\laravel-core\\vendor\\laravel\\framework\\src\\Illuminate\\Pipeline\\Pipeline.php(180): Illuminate\\Foundation\\Http\\Middleware\\PreventRequestsDuringMaintenance->handle()
#46 C:\\PROJECT\\Php\\laravel-core\\vendor\\laravel\\framework\\src\\Illuminate\\Http\\Middleware\\HandleCors.php(49): Illuminate\\Pipeline\\Pipeline->Illuminate\\Pipeline\\{closure}()
#47 C:\\PROJECT\\Php\\laravel-core\\vendor\\laravel\\framework\\src\\Illuminate\\Pipeline\\Pipeline.php(180): Illuminate\\Http\\Middleware\\HandleCors->handle()
#48 C:\\PROJECT\\Php\\laravel-core\\vendor\\laravel\\framework\\src\\Illuminate\\Http\\Middleware\\TrustProxies.php(39): Illuminate\\Pipeline\\Pipeline->Illuminate\\Pipeline\\{closure}()
#49 C:\\PROJECT\\Php\\laravel-core\\vendor\\laravel\\framework\\src\\Illuminate\\Pipeline\\Pipeline.php(180): Illuminate\\Http\\Middleware\\TrustProxies->handle()
#50 C:\\PROJECT\\Php\\laravel-core\\vendor\\laravel\\framework\\src\\Illuminate\\Pipeline\\Pipeline.php(116): Illuminate\\Pipeline\\Pipeline->Illuminate\\Pipeline\\{closure}()
#51 C:\\PROJECT\\Php\\laravel-core\\vendor\\laravel\\framework\\src\\Illuminate\\Foundation\\Http\\Kernel.php(165): Illuminate\\Pipeline\\Pipeline->then()
#52 C:\\PROJECT\\Php\\laravel-core\\vendor\\laravel\\framework\\src\\Illuminate\\Foundation\\Http\\Kernel.php(134): Illuminate\\Foundation\\Http\\Kernel->sendRequestThroughRouter()
#53 C:\\PROJECT\\Php\\laravel-core\\public\\index.php(56): Illuminate\\Foundation\\Http\\Kernel->handle()
#54 C:\\PROJECT\\Php\\laravel-core\\vendor\\laravel\\framework\\src\\Illuminate\\Foundation\\resources\\server.php(16): require_once('...')
#55 {main}
"} 
[2026-07-28 09:34:59] production.ERROR: include(C:\PROJECT\Php\laravel-core\vendor\composer/../../app/Sekolah.php): Failed to open stream: No such file or directory {"exception":"[object] (ErrorException(code: 0): include(C:\\PROJECT\\Php\\laravel-core\\vendor\\composer/../../app/Sekolah.php): Failed to open stream: No such file or directory at C:\\PROJECT\\Php\\laravel-core\\vendor\\composer\\ClassLoader.php:576)
[stacktrace]
#0 C:\\PROJECT\\Php\\laravel-core\\vendor\\laravel\\framework\\src\\Illuminate\\Foundation\\Bootstrap\\HandleExceptions.php(259): Illuminate\\Foundation\\Bootstrap\\HandleExceptions->handleError()
#1 C:\\PROJECT\\Php\\laravel-core\\vendor\\composer\\ClassLoader.php(576): Illuminate\\Foundation\\Bootstrap\\HandleExceptions->Illuminate\\Foundation\\Bootstrap\\{closure}()
#2 C:\\PROJECT\\Php\\laravel-core\\vendor\\composer\\ClassLoader.php(576): include('...')
#3 C:\\PROJECT\\Php\\laravel-core\\vendor\\composer\\ClassLoader.php(427): Composer\\Autoload\\{closure}()
#4 C:\\PROJECT\\Php\\laravel-core\\app\\Http\\Controllers\\AuthController.php(341): Composer\\Autoload\\ClassLoader->loadClass()
#5 C:\\PROJECT\\Php\\laravel-core\\vendor\\laravel\\framework\\src\\Illuminate\\Routing\\Controller.php(54): App\\Http\\Controllers\\AuthController->viewAuth()
#6 C:\\PROJECT\\Php\\laravel-core\\vendor\\laravel\\framework\\src\\Illuminate\\Routing\\ControllerDispatcher.php(43): Illuminate\\Routing\\Controller->callAction()
#7 C:\\PROJECT\\Php\\laravel-core\\vendor\\laravel\\framework\\src\\Illuminate\\Routing\\Route.php(259): Illuminate\\Routing\\ControllerDispatcher->dispatch()
#8 C:\\PROJECT\\Php\\laravel-core\\vendor\\laravel\\framework\\src\\Illuminate\\Routing\\Route.php(205): Illuminate\\Routing\\Route->runController()
#9 C:\\PROJECT\\Php\\laravel-core\\vendor\\laravel\\framework\\src\\Illuminate\\Routing\\Router.php(727): Illuminate\\Routing\\Route->run()
#10 C:\\PROJECT\\Php\\laravel-core\\vendor\\laravel\\framework\\src\\Illuminate\\Pipeline\\Pipeline.php(141): Illuminate\\Routing\\Router->Illuminate\\Routing\\{closure}()
#11 C:\\PROJECT\\Php\\laravel-core\\vendor\\laravel\\framework\\src\\Illuminate\\Routing\\Middleware\\SubstituteBindings.php(50): Illuminate\\Pipeline\\Pipeline->Illuminate\\Pipeline\\{closure}()
#12 C:\\PROJECT\\Php\\laravel-core\\vendor\\laravel\\framework\\src\\Illuminate\\Pipeline\\Pipeline.php(180): Illuminate\\Routing\\Middleware\\SubstituteBindings->handle()
#13 C:\\PROJECT\\Php\\laravel-core\\vendor\\laravel\\framework\\src\\Illuminate\\Foundation\\Http\\Middleware\\VerifyCsrfToken.php(78): Illuminate\\Pipeline\\Pipeline->Illuminate\\Pipeline\\{closure}()
#14 C:\\PROJECT\\Php\\laravel-core\\vendor\\laravel\\framework\\src\\Illuminate\\Pipeline\\Pipeline.php(180): Illuminate\\Foundation\\Http\\Middleware\\VerifyCsrfToken->handle()
#15 C:\\PROJECT\\Php\\laravel-core\\vendor\\laravel\\framework\\src\\Illuminate\\View\\Middleware\\ShareErrorsFromSession.php(49): Illuminate\\Pipeline\\Pipeline->Illuminate\\Pipeline\\{closure}()
#16 C:\\PROJECT\\Php\\laravel-core\\vendor\\laravel\\framework\\src\\Illuminate\\Pipeline\\Pipeline.php(180): Illuminate\\View\\Middleware\\ShareErrorsFromSession->handle()
#17 C:\\PROJECT\\Php\\laravel-core\\vendor\\laravel\\framework\\src\\Illuminate\\Session\\Middleware\\StartSession.php(121): Illuminate\\Pipeline\\Pipeline->Illuminate\\Pipeline\\{closure}()
#18 C:\\PROJECT\\Php\\laravel-core\\vendor\\laravel\\framework\\src\\Illuminate\\Session\\Middleware\\StartSession.php(64): Illuminate\\Session\\Middleware\\StartSession->handleStatefulRequest()
#19 C:\\PROJECT\\Php\\laravel-core\\vendor\\laravel\\framework\\src\\Illuminate\\Pipeline\\Pipeline.php(180): Illuminate\\Session\\Middleware\\StartSession->handle()
#20 C:\\PROJECT\\Php\\laravel-core\\vendor\\laravel\\framework\\src\\Illuminate\\Cookie\\Middleware\\AddQueuedCookiesToResponse.php(37): Illuminate\\Pipeline\\Pipeline->Illuminate\\Pipeline\\{closure}()
#21 C:\\PROJECT\\Php\\laravel-core\\vendor\\laravel\\framework\\src\\Illuminate\\Pipeline\\Pipeline.php(180): Illuminate\\Cookie\\Middleware\\AddQueuedCookiesToResponse->handle()
#22 C:\\PROJECT\\Php\\laravel-core\\vendor\\laravel\\framework\\src\\Illuminate\\Cookie\\Middleware\\EncryptCookies.php(67): Illuminate\\Pipeline\\Pipeline->Illuminate\\Pipeline\\{closure}()
#23 C:\\PROJECT\\Php\\laravel-core\\vendor\\laravel\\framework\\src\\Illuminate\\Pipeline\\Pipeline.php(180): Illuminate\\Cookie\\Middleware\\EncryptCookies->handle()
#24 C:\\PROJECT\\Php\\laravel-core\\vendor\\laravel\\framework\\src\\Illuminate\\Pipeline\\Pipeline.php(116): Illuminate\\Pipeline\\Pipeline->Illuminate\\Pipeline\\{closure}()
#25 C:\\PROJECT\\Php\\laravel-core\\vendor\\laravel\\framework\\src\\Illuminate\\Routing\\Router.php(726): Illuminate\\Pipeline\\Pipeline->then()
#26 C:\\PROJECT\\Php\\laravel-core\\vendor\\laravel\\framework\\src\\Illuminate\\Routing\\Router.php(705): Illuminate\\Routing\\Router->runRouteWithinStack()
#27 C:\\PROJECT\\Php\\laravel-core\\vendor\\laravel\\framework\\src\\Illuminate\\Routing\\Router.php(669): Illuminate\\Routing\\Router->runRoute()
#28 C:\\PROJECT\\Php\\laravel-core\\vendor\\laravel\\framework\\src\\Illuminate\\Routing\\Router.php(658): Illuminate\\Routing\\Router->dispatchToRoute()
#29 C:\\PROJECT\\Php\\laravel-core\\vendor\\laravel\\framework\\src\\Illuminate\\Foundation\\Http\\Kernel.php(190): Illuminate\\Routing\\Router->dispatch()
#30 C:\\PROJECT\\Php\\laravel-core\\vendor\\laravel\\framework\\src\\Illuminate\\Pipeline\\Pipeline.php(141): Illuminate\\Foundation\\Http\\Kernel->Illuminate\\Foundation\\Http\\{closure}()
#31 C:\\PROJECT\\Php\\laravel-core\\vendor\\laravel\\framework\\src\\Illuminate\\View\\Middleware\\ShareErrorsFromSession.php(49): Illuminate\\Pipeline\\Pipeline->Illuminate\\Pipeline\\{closure}()
#32 C:\\PROJECT\\Php\\laravel-core\\vendor\\laravel\\framework\\src\\Illuminate\\Pipeline\\Pipeline.php(180): Illuminate\\View\\Middleware\\ShareErrorsFromSession->handle()
#33 C:\\PROJECT\\Php\\laravel-core\\vendor\\laravel\\framework\\src\\Illuminate\\Session\\Middleware\\StartSession.php(121): Illuminate\\Pipeline\\Pipeline->Illuminate\\Pipeline\\{closure}()
#34 C:\\PROJECT\\Php\\laravel-core\\vendor\\laravel\\framework\\src\\Illuminate\\Session\\Middleware\\StartSession.php(64): Illuminate\\Session\\Middleware\\StartSession->handleStatefulRequest()
#35 C:\\PROJECT\\Php\\laravel-core\\vendor\\laravel\\framework\\src\\Illuminate\\Pipeline\\Pipeline.php(180): Illuminate\\Session\\Middleware\\StartSession->handle()
#36 C:\\PROJECT\\Php\\laravel-core\\vendor\\laravel\\framework\\src\\Illuminate\\Foundation\\Http\\Middleware\\TransformsRequest.php(21): Illuminate\\Pipeline\\Pipeline->Illuminate\\Pipeline\\{closure}()
#37 C:\\PROJECT\\Php\\laravel-core\\vendor\\laravel\\framework\\src\\Illuminate\\Foundation\\Http\\Middleware\\ConvertEmptyStringsToNull.php(31): Illuminate\\Foundation\\Http\\Middleware\\TransformsRequest->handle()
#38 C:\\PROJECT\\Php\\laravel-core\\vendor\\laravel\\framework\\src\\Illuminate\\Pipeline\\Pipeline.php(180): Illuminate\\Foundation\\Http\\Middleware\\ConvertEmptyStringsToNull->handle()
#39 C:\\PROJECT\\Php\\laravel-core\\vendor\\laravel\\framework\\src\\Illuminate\\Foundation\\Http\\Middleware\\TransformsRequest.php(21): Illuminate\\Pipeline\\Pipeline->Illuminate\\Pipeline\\{closure}()
#40 C:\\PROJECT\\Php\\laravel-core\\vendor\\laravel\\framework\\src\\Illuminate\\Foundation\\Http\\Middleware\\TrimStrings.php(40): Illuminate\\Foundation\\Http\\Middleware\\TransformsRequest->handle()
#41 C:\\PROJECT\\Php\\laravel-core\\vendor\\laravel\\framework\\src\\Illuminate\\Pipeline\\Pipeline.php(180): Illuminate\\Foundation\\Http\\Middleware\\TrimStrings->handle()
#42 C:\\PROJECT\\Php\\laravel-core\\vendor\\laravel\\framework\\src\\Illuminate\\Foundation\\Http\\Middleware\\ValidatePostSize.php(27): Illuminate\\Pipeline\\Pipeline->Illuminate\\Pipeline\\{closure}()
#43 C:\\PROJECT\\Php\\laravel-core\\vendor\\laravel\\framework\\src\\Illuminate\\Pipeline\\Pipeline.php(180): Illuminate\\Foundation\\Http\\Middleware\\ValidatePostSize->handle()
#44 C:\\PROJECT\\Php\\laravel-core\\vendor\\laravel\\framework\\src\\Illuminate\\Foundation\\Http\\Middleware\\PreventRequestsDuringMaintenance.php(86): Illuminate\\Pipeline\\Pipeline->Illuminate\\Pipeline\\{closure}()
#45 C:\\PROJECT\\Php\\laravel-core\\vendor\\laravel\\framework\\src\\Illuminate\\Pipeline\\Pipeline.php(180): Illuminate\\Foundation\\Http\\Middleware\\PreventRequestsDuringMaintenance->handle()
#46 C:\\PROJECT\\Php\\laravel-core\\vendor\\laravel\\framework\\src\\Illuminate\\Http\\Middleware\\HandleCors.php(49): Illuminate\\Pipeline\\Pipeline->Illuminate\\Pipeline\\{closure}()
#47 C:\\PROJECT\\Php\\laravel-core\\vendor\\laravel\\framework\\src\\Illuminate\\Pipeline\\Pipeline.php(180): Illuminate\\Http\\Middleware\\HandleCors->handle()
#48 C:\\PROJECT\\Php\\laravel-core\\vendor\\laravel\\framework\\src\\Illuminate\\Http\\Middleware\\TrustProxies.php(39): Illuminate\\Pipeline\\Pipeline->Illuminate\\Pipeline\\{closure}()
#49 C:\\PROJECT\\Php\\laravel-core\\vendor\\laravel\\framework\\src\\Illuminate\\Pipeline\\Pipeline.php(180): Illuminate\\Http\\Middleware\\TrustProxies->handle()
#50 C:\\PROJECT\\Php\\laravel-core\\vendor\\laravel\\framework\\src\\Illuminate\\Pipeline\\Pipeline.php(116): Illuminate\\Pipeline\\Pipeline->Illuminate\\Pipeline\\{closure}()
#51 C:\\PROJECT\\Php\\laravel-core\\vendor\\laravel\\framework\\src\\Illuminate\\Foundation\\Http\\Kernel.php(165): Illuminate\\Pipeline\\Pipeline->then()
#52 C:\\PROJECT\\Php\\laravel-core\\vendor\\laravel\\framework\\src\\Illuminate\\Foundation\\Http\\Kernel.php(134): Illuminate\\Foundation\\Http\\Kernel->sendRequestThroughRouter()
#53 C:\\PROJECT\\Php\\laravel-core\\public\\index.php(56): Illuminate\\Foundation\\Http\\Kernel->handle()
#54 C:\\PROJECT\\Php\\laravel-core\\vendor\\laravel\\framework\\src\\Illuminate\\Foundation\\resources\\server.php(16): require_once('...')
#55 {main}
"} 
